,q_i_s,b_i_s,e_i_s,f_i_s,r_i_s,init_prob,q_r_s,b_r_s,e_r_s,f_r_s,r_r_s,rev_probs,q_wsls_shared,q_wsls_difference,q_wsls_added,q_wsls_removed,e_wsls_shared,e_wsls_difference,e_wsls_added,e_wsls_removed,f_wsls_shared,f_wsls_difference,f_wsls_added,f_wsls_removed,r_wsls_shared,r_wsls_difference,r_wsls_added,r_wsls_removed,b_wsls_shared,b_wsls_difference,b_wsls_added,b_wsls_removed,rev_probs_wsls,q_tr_shared,q_tr_difference,q_tr_added,q_tr_removed,e_tr_shared,e_tr_difference,e_tr_added,e_tr_removed,f_tr_shared,f_tr_difference,f_tr_added,f_tr_removed,r_tr_shared,r_tr_difference,r_tr_added,r_tr_removed,b_tr_shared,b_tr_difference,b_tr_added,b_tr_removed,rev_probs_tr,q_ts_shared,q_ts_difference,q_ts_added,q_ts_removed,e_ts_shared,e_ts_difference,e_ts_added,e_ts_removed,f_ts_shared,f_ts_difference,f_ts_added,f_ts_removed,r_ts_shared,r_ts_difference,r_ts_added,r_ts_removed,b_ts_shared,b_ts_difference,b_ts_added,b_ts_removed,rev_probs_ts,q_tn_shared,q_tn_difference,q_tn_added,q_tn_removed,e_tn_shared,e_tn_difference,e_tn_added,e_tn_removed,f_tn_shared,f_tn_difference,f_tn_added,f_tn_removed,r_tn_shared,r_tn_difference,r_tn_added,r_tn_removed,b_tn_shared,b_tn_difference,b_tn_added,b_tn_removed,rev_probs_tn,q_tnp_shared,q_tnp_difference,q_tnp_added,q_tnp_removed,e_tnp_shared,e_tnp_difference,e_tnp_added,e_tnp_removed,f_tnp_shared,f_tnp_difference,f_tnp_added,f_tnp_removed,r_tnp_shared,r_tnp_difference,r_tnp_added,r_tnp_removed,b_tnp_shared,b_tnp_difference,b_tnp_added,b_tnp_removed,rev_probs_tnp
0,"['Z.exists', 'Z.atleast']",[],"['Z.hor_operator(xN,xO,I)']",[],['contact'],-8.48879371789454,"['Z.exists', 'Z.atleast']",[],"['Z.hor_operator(xN,xO,I)']",[],['contact'],-8.48879371789454,1.0,1.0,0.0,0.0,1.0,0.0,0.0,0.0,0.0,0.0,0.0,0.0,1.0,0.0,0.0,0.0,0.0,0.0,0.0,0.0,-10.686018296230758,0.0,0.0,0.0,1.0,0.0,1.0,0.0,0.0,0.0,0.0,1.0,0.0,0.0,0.0,0.0,1.0,0.0,0.0,0.0,0.0,-6.984716320118265,2.0,0.0,0.0,0.0,1.0,0.0,0.0,0.0,0.0,0.0,0.0,0.0,1.0,0.0,0.0,0.0,0.0,0.0,0.0,0.0,-8.48879371789454,1.0,1.0,0.0,0.0,1.0,0.0,0.0,0.0,0.0,0.0,0.0,0.0,1.0,0.0,0.0,0.0,0.0,0.0,0.0,0.0,-10.686018296230761,0.0,1.419,0.2905,0.0,0.7095,0.2905,0.0,0.0,0.0,0.0,0.0,0.2905,0.7095,0.0,0.2905,0.0,0.0,0.0,0.0,0.0,-6.576500037558226
1,['Z.atleast'],[],"['Z.equal(xN,D)']",['colour'],[],-9.181940898454485,['Z.atleast'],[],"['Z.equal(xN,D)']",['colour'],[],-9.181940898454485,0.0,1.0,0.0,0.0,1.0,0.0,0.0,0.0,1.0,0.0,0.0,0.0,0.0,0.0,0.0,0.0,0.0,0.0,0.0,0.0,-9.181940898454485,0.0,1.0,0.0,0.0,1.0,0.0,0.0,0.0,1.0,0.0,0.0,0.0,0.0,0.0,0.0,0.0,0.0,0.0,0.0,0.0,-6.984716320118265,0.0,1.0,0.0,0.0,0.0,1.0,0.0,0.0,0.0,1.0,0.0,0.0,0.0,0.0,0.0,0.0,0.0,0.0,0.0,0.0,-6.984716320118265,0.0,1.0,0.0,0.0,1.0,0.0,0.0,0.0,1.0,0.0,0.0,0.0,0.0,0.0,0.0,0.0,0.0,0.0,0.0,0.0,-9.181940898454485,0.0,1.0,0.0,0.0,1.0,0.0,0.0,0.0,1.0,0.0,0.0,0.0,0.0,0.0,0.0,0.0,0.0,0.0,0.0,0.0,-6.984716320118266
2,"['Z.exactly', 'Z.exactly']","['J(B,B)', 'J(B,B)', 'J(B,B)']","['Z.equal(xN,D)', 'Z.equal(xN,D)', 'Z.equal(xN,D)', 'Z.equal(xN,D)']","['colour', 'size', 'colour', 'size']",[],-31.927849327037336,"['Z.exactly', 'Z.exactly']","['J(B,B)', 'J(B,B)', 'J(B,B)']","['Z.equal(xN,D)', 'Z.equal(xN,D)', 'Z.equal(xN,D)', 'Z.equal(xN,D)']","['colour', 'size', 'colour', 'size']",[],-31.927849327037336,0.0,0.0,0.0,1.0,0.0,0.0,0.0,3.0,0.0,0.0,0.0,3.0,0.0,0.0,0.0,0.0,0.0,0.0,0.0,2.0,-8.371010681238156,0.0,0.0,0.0,1.0,0.0,0.0,0.0,3.0,0.0,0.0,0.0,3.0,0.0,0.0,0.0,0.0,0.0,0.0,0.0,2.0,-8.371010681238156,2.0,0.0,0.0,0.0,0.0,0.0,0.0,1.0,0.0,0.0,0.0,3.0,0.0,0.0,2.0,0.0,0.0,0.0,0.0,1.0,-22.170544286679288,0.0,0.0,0.0,1.0,0.0,0.0,0.0,3.0,0.0,0.0,0.0,3.0,0.0,0.0,0.0,0.0,0.0,0.0,0.0,2.572,-7.5780503066775795,0.136,0.864,0.0,0.0,0.2695,0.7305,0.0,0.0,0.572,0.428,0.0,0.0,0.0,0.0,0.0,0.0,0.0,0.0,0.428,0.0,-6.984716320118266
3,"['Z.exists', 'Z.exists', 'Z.exists']","['J(B,B)', 'J(B,B)']","['Z.equal(xN,D)', 'Z.equal(xN,D)', 'Z.equal(xN,D)']","['colour', 'colour', 'colour']",[],-24.537667898810906,"['Z.exists', 'Z.exists', 'Z.exists']","['J(B,B)', 'J(B,B)']","['Z.equal(xN,D)', 'Z.equal(xN,D)', 'Z.equal(xN,D)']","['colour', 'colour', 'colour']",[],-24.537667898810906,0.0,0.0,0.0,2.0,0.0,0.0,0.0,2.0,0.0,0.0,0.0,2.0,0.0,0.0,0.0,0.0,0.0,0.0,0.0,2.0,-6.984716320118265,0.0,0.0,0.0,2.0,0.0,0.0,0.0,2.0,0.0,0.0,0.0,2.0,0.0,0.0,0.0,0.0,0.0,0.0,0.0,2.0,-8.083328608786376,3.0,0.0,0.0,0.0,0.0,0.0,1.0,0.0,0.0,0.0,1.0,0.0,0.0,0.0,0.0,0.0,0.0,0.0,1.0,0.0,-31.522384218929172,0.0,0.0,0.0,2.0,0.0,0.0,0.0,2.0,0.0,0.0,0.0,2.0,0.0,0.0,0.0,0.0,0.0,0.0,0.0,2.0,-6.984716320118266,0.0,1.0,0.0,0.0,1.0,0.0,0.0,0.0,1.0,0.0,0.0,0.0,0.0,0.0,0.0,0.0,0.0,0.0,0.0,0.0,-9.181940898454485
4,['Z.atleast'],['not_operator(B)'],"['Z.equal(xN,D)']",['orientation'],[],-10.568235259574376,['Z.atleast'],['not_operator(B)'],"['Z.equal(xN,D)']",['orientation'],[],-10.568235259574376,0.0,1.0,0.0,0.0,0.0,1.0,0.0,0.0,0.0,1.0,0.0,0.0,0.0,0.0,0.0,0.0,0.0,0.0,0.0,1.0,-8.083328608786376,0.0,1.0,0.0,0.0,0.0,1.0,0.0,0.0,0.0,1.0,0.0,0.0,0.0,0.0,0.0,0.0,0.0,0.0,0.0,1.0,-6.984716320118265,0.0,1.0,0.0,0.0,1.0,0.0,0.0,0.0,1.0,0.0,0.0,0.0,0.0,0.0,0.0,0.0,1.0,0.0,0.0,0.0,-8.371010681238156,0.0,1.0,0.0,0.0,0.0,1.0,0.0,0.0,0.0,1.0,0.0,0.0,0.0,0.0,0.0,0.0,0.0,0.0,0.0,1.0,-8.13276616182144,0.0,1.0,0.0,0.0,0.5595,0.4405,0.0,0.0,0.9245,0.0755,0.0,0.0,0.0,0.0,0.0,0.0,0.0,0.0,0.0,0.0,-7.414697428552798
5,"['Z.atmost', 'Z.forall']",['not_operator(B)'],"['Z.equal(xN,D)']",['size'],[],-10.97370036668254,"['Z.atmost', 'Z.forall']",['not_operator(B)'],"['Z.equal(xN,D)']",['size'],[],-10.97370036668254,0.0,0.0,0.0,1.0,0.0,1.0,0.0,0.0,1.0,0.0,0.0,0.0,0.0,0.0,0.0,0.0,0.0,0.0,0.0,1.0,-8.083328608786376,0.0,0.0,0.0,1.0,0.0,1.0,0.0,0.0,1.0,0.0,0.0,0.0,0.0,0.0,0.0,0.0,0.0,0.0,0.0,1.0,-6.984716320118265,0.0,2.0,0.0,0.0,1.0,0.0,0.0,0.0,1.0,0.0,0.0,0.0,0.0,0.0,0.0,0.0,1.0,0.0,0.0,0.0,-12.07231265635065,0.0,0.0,0.0,1.0,0.0,1.0,0.0,0.0,1.0,0.0,0.0,0.0,0.0,0.0,0.0,0.0,0.0,0.0,0.0,1.0,-8.098159874696895,1.0,0.0,0.0,0.0,0.9695,0.0305,0.0,0.0,1.0,0.0,0.0,0.0,0.0,0.0,0.0,0.0,0.0,0.0,0.0,0.0,-8.102005017710733
6,['Z.exists'],[],"['Z.equal(xN,D)']",['colour'],[],-6.984716320118265,['Z.exists'],[],"['Z.equal(xN,D)']",['colour'],[],-6.984716320118265,0.0,1.0,0.0,0.0,1.0,0.0,0.0,0.0,0.0,1.0,0.0,0.0,0.0,0.0,0.0,0.0,0.0,0.0,0.0,0.0,-8.77647579034632,0.0,1.0,0.0,0.0,1.0,0.0,0.0,0.0,0.0,1.0,0.0,0.0,0.0,0.0,0.0,0.0,0.0,0.0,0.0,0.0,-8.77647579034632,0.0,1.0,0.0,0.0,0.0,1.0,0.0,0.0,0.0,1.0,0.0,0.0,0.0,0.0,0.0,0.0,0.0,0.0,0.0,0.0,-9.181940898454485,0.5345,0.0,0.4655,0.0,0.5345,0.4655,0.0,0.0,0.0,0.5345,0.0,0.4655,0.0,0.0,0.4655,0.0,0.0,0.0,0.0,0.0,-6.445335207283798,0.5345,0.0,0.4655,0.0,0.5345,0.4655,0.0,0.0,0.0,0.5345,0.0,0.4655,0.0,0.0,0.4655,0.0,0.0,0.0,0.0,0.0,-6.984716320118266
7,['Z.atleast'],[],"['Z.equal(xN,D)']",['colour'],[],-9.181940898454485,['Z.atleast'],[],"['Z.equal(xN,D)']",['colour'],[],-9.181940898454485,0.0,1.0,0.0,0.0,1.0,0.0,0.0,0.0,1.0,0.0,0.0,0.0,0.0,0.0,0.0,0.0,0.0,0.0,0.0,0.0,-6.984716320118265,0.0,1.0,0.0,0.0,1.0,0.0,0.0,0.0,1.0,0.0,0.0,0.0,0.0,0.0,0.0,0.0,0.0,0.0,0.0,0.0,-6.984716320118265,1.0,0.0,0.0,0.0,1.0,0.0,0.0,0.0,1.0,0.0,0.0,0.0,0.0,0.0,0.0,0.0,0.0,0.0,0.0,0.0,-9.181940898454485,0.0,1.0,0.0,0.0,1.0,0.0,0.0,0.0,1.0,0.0,0.0,0.0,0.0,0.0,0.0,0.0,0.0,0.0,0.0,0.0,-6.984716320118266,0.9995,0.0,0.0,0.0005,0.2235,0.7765,0.0,0.0,0.2205,0.779,0.0005,0.0,0.0,0.0,0.0,0.0005,0.0,0.0,0.0,0.0005,-6.9849190526723195
8,['Z.exactly'],[],"['Z.equal(xN,D)']",['colour'],[],-9.181940898454485,['Z.exactly'],[],"['Z.equal(xN,D)']",['colour'],[],-9.181940898454485,0.0,1.0,0.0,0.0,1.0,0.0,0.0,0.0,0.0,1.0,0.0,0.0,0.0,0.0,0.0,0.0,0.0,0.0,0.0,0.0,-6.984716320118265,0.0,1.0,0.0,0.0,1.0,0.0,0.0,0.0,0.0,1.0,0.0,0.0,0.0,0.0,0.0,0.0,0.0,0.0,0.0,0.0,-6.984716320118265,0.0,1.0,0.0,0.0,0.0,1.0,0.0,0.0,0.0,1.0,0.0,0.0,0.0,0.0,0.0,0.0,0.0,0.0,0.0,0.0,-9.181940898454485,0.0,1.0,0.0,0.0,0.0,1.0,0.0,0.0,0.0,1.0,0.0,0.0,0.0,0.0,0.0,0.0,0.0,0.0,0.0,0.0,-6.984716320118266,0.0,1.0,0.0,0.0,0.5675,0.4325,0.0,0.0,1.0,0.0,0.0,0.0,0.0,0.0,0.0,0.0,0.0,0.0,0.0,0.004,-8.923217704233645
9,['Z.exactly'],[],"['Z.equal(xN,D)']",['colour'],[],-9.181940898454485,['Z.exactly'],[],"['Z.equal(xN,D)']",['colour'],[],-9.181940898454485,0.0,1.0,0.0,0.0,1.0,0.0,0.0,0.0,1.0,0.0,0.0,0.0,0.0,0.0,0.0,0.0,0.0,0.0,0.0,0.0,-6.984716320118265,0.0,1.0,0.0,0.0,1.0,0.0,0.0,0.0,0.0,1.0,0.0,0.0,0.0,0.0,0.0,0.0,0.0,0.0,0.0,0.0,-8.083328608786376,0.0,1.0,0.0,0.0,1.0,0.0,0.0,0.0,1.0,0.0,0.0,0.0,0.0,0.0,0.0,0.0,0.0,0.0,0.0,0.0,-9.181940898454485,0.0,1.0,0.0,0.0,1.0,0.0,0.0,0.0,1.0,0.0,0.0,0.0,0.0,0.0,0.0,0.0,0.0,0.0,0.0,0.0,-6.984716320118266,0.2995,0.7005,0.0,0.0,1.0,0.0,0.0,0.0,0.4015,0.5985,0.0,0.0,0.0,0.0,0.0,0.0,0.0,0.0,0.0,0.0,-6.966162359905825
10,['Z.exists'],[],"['Z.equal(xN,D)']",['colour'],[],-6.984716320118265,['Z.atleast'],[],"['Z.equal(xN,D)']",['colour'],[],-9.181940898454485,1.0,0.0,0.0,0.0,1.0,0.0,0.0,0.0,1.0,0.0,0.0,0.0,0.0,0.0,0.0,0.0,0.0,0.0,0.0,0.0,-6.984716320118265,1.0,0.0,0.0,0.0,1.0,0.0,0.0,0.0,1.0,0.0,0.0,0.0,0.0,0.0,0.0,0.0,0.0,0.0,0.0,0.0,-6.984716320118265,1.0,0.0,0.0,0.0,1.0,0.0,0.0,0.0,1.0,0.0,0.0,0.0,0.0,0.0,0.0,0.0,0.0,0.0,0.0,0.0,-6.984716320118265,1.0,0.0,0.0,0.0,1.0,0.0,0.0,0.0,1.0,0.0,0.0,0.0,0.0,0.0,0.0,0.0,0.0,0.0,0.0,0.0,-6.984716320118266,1.0,0.0,0.0,0.0,0.9825,0.0175,0.0,0.0,0.9555,0.0445,0.0,0.0,0.0,0.0,0.0,0.0,0.0,0.0,0.0,0.0,-6.974115335789626
11,['Z.atleast'],[],"['Z.equal(xN,D)']",['colour'],[],-9.181940898454485,['Z.atleast'],[],"['Z.equal(xN,D)']",['colour'],[],-9.181940898454485,0.0,0.0,1.0,0.0,1.0,0.0,0.0,0.0,1.0,0.0,0.0,0.0,0.0,0.0,0.0,0.0,0.0,0.0,1.0,0.0,-9.87508807801443,0.0,1.0,0.0,0.0,1.0,0.0,0.0,0.0,1.0,0.0,0.0,0.0,0.0,0.0,0.0,0.0,0.0,0.0,0.0,0.0,-9.181940898454485,0.0,1.0,0.0,0.0,0.0,1.0,0.0,0.0,0.0,1.0,0.0,0.0,0.0,0.0,0.0,0.0,0.0,0.0,0.0,0.0,-8.083328608786376,0.0,1.0,0.0,0.0,1.0,0.0,0.0,0.0,1.0,0.0,0.0,0.0,0.0,0.0,0.0,0.0,0.0,0.0,0.4775,0.0,-7.5093036879572885,0.0,1.0,0.0,0.0,0.353,0.647,0.0,0.0,0.0045,0.9955,0.0,0.0,0.0,0.0,0.0,0.0,0.0,0.0,0.4775,0.0,-6.984716320118266
12,['Z.exists'],[],"['Z.equal(xN,D)']",['colour'],[],-6.984716320118265,['Z.atleast'],[],"['Z.equal(xN,D)']",['colour'],[],-9.181940898454485,0.0,1.0,0.0,0.0,0.0,1.0,0.0,0.0,0.0,1.0,0.0,0.0,0.0,0.0,0.0,0.0,0.0,0.0,0.0,0.0,-8.083328608786376,0.0,1.0,0.0,0.0,1.0,0.0,0.0,0.0,0.0,1.0,0.0,0.0,0.0,0.0,0.0,0.0,0.0,0.0,0.0,0.0,-8.77647579034632,1.0,0.0,0.0,0.0,0.0,1.0,0.0,0.0,0.0,1.0,0.0,0.0,0.0,0.0,0.0,0.0,0.0,0.0,0.0,0.0,-6.984716320118265,0.0,1.0,0.0,0.0,0.219,0.781,0.0,0.0,0.0,1.0,0.0,0.0,0.0,0.0,0.0,0.0,0.0,0.0,0.0,0.0,-8.269184822527716,0.0,1.0,0.0,0.0,0.2225,0.7775,0.0,0.0,0.0445,0.9555,0.0,0.0,0.0,0.0,0.0,0.0,0.0,0.0,0.0,0.036,-7.011696944158964
13,"['Z.exists', 'Z.exists']",[],"['Z.hor_operator(xN,xO,I)']",[],['contact'],-6.29156913955832,"['Z.exists', 'Z.exists']",[],"['Z.hor_operator(xN,xO,I)']",[],['contact'],-6.29156913955832,0.0,0.0,0.0,1.0,0.0,1.0,0.0,0.0,0.0,0.0,1.0,0.0,0.0,0.0,0.0,1.0,0.0,0.0,0.0,0.0,-7.272398392570047,0.0,0.0,0.0,1.0,0.0,1.0,0.0,0.0,0.0,0.0,1.0,0.0,0.0,0.0,0.0,1.0,0.0,0.0,1.0,0.0,-8.083328608786376,2.0,0.0,0.0,0.0,1.0,0.0,0.0,0.0,0.0,0.0,0.0,0.0,1.0,0.0,0.0,0.0,0.0,0.0,0.0,0.0,-6.29156913955832,0.0,0.0,0.0,1.0,0.0,1.0,0.0,0.0,0.0,0.0,1.0,0.0,0.0,0.0,0.0,1.0,0.0,0.0,0.0,0.0,-7.272398392570043,1.0,0.0,0.0,0.0,1.0,0.0,0.0,0.0,1.0,0.0,0.0,0.0,0.0,0.0,0.0,0.0,0.0,0.0,0.0,0.0,-7.272398392570043
14,"['Z.exists', 'Z.exists']","['J(B,B)', 'J(B,B)']","['Z.equal(xN,D)', 'Z.equal(xN,D)', 'Z.hor_operator(xN,xO,I)']","['colour', 'colour']",['contact'],-20.26100177979485,"['Z.exists', 'Z.exists']","['J(B,B)', 'J(B,B)']","['Z.equal(xN,D)', 'Z.equal(xN,D)', 'Z.hor_operator(xN,xO,I)']","['colour', 'colour']",['contact'],-20.26100177979485,0.0,0.0,0.0,1.0,0.0,0.0,0.0,2.0,0.0,0.0,0.0,1.0,0.0,0.0,0.0,1.0,0.0,0.0,0.0,1.0,-10.280553187122594,0.0,0.0,0.0,1.0,0.0,0.0,0.0,2.0,0.0,0.0,0.0,1.0,0.0,0.0,0.0,1.0,0.0,0.0,0.0,2.0,-6.984716320118265,0.0,0.0,0.0,1.0,0.0,0.0,0.0,2.0,0.0,0.0,0.0,1.0,0.0,0.0,0.0,1.0,0.0,2.0,0.0,0.0,-9.181940897454485,0.0,0.0,0.0,1.0,0.0,0.0,0.0,2.0,0.0,0.0,0.0,1.0,0.0,0.0,0.0,1.0,0.0,0.0,0.0,2.0,-6.988312346023913,0.9815,0.0185,0.0,0.0,0.9905,0.0095,0.0,0.0,0.976,0.024,0.0,0.0,0.0,0.0,0.0,0.0,0.0,0.0,0.0,0.054,-7.084690038405563
15,['Z.atleast'],['not_operator(B)'],"['Z.equal(xN,D)']",['orientation'],[],-10.568235259574376,['Z.atleast'],['not_operator(B)'],"['Z.equal(xN,D)']",['orientation'],[],-10.568235259574376,0.0,1.0,0.0,0.0,1.0,0.0,0.0,0.0,1.0,0.0,0.0,0.0,0.0,0.0,0.0,0.0,1.0,0.0,0.0,0.0,-8.371010681238156,0.0,0.0,1.0,0.0,0.0,1.0,0.0,0.0,0.0,0.0,0.0,1.0,0.0,0.0,1.0,0.0,0.0,0.0,0.0,1.0,-6.29156913955832,1.0,0.0,0.0,0.0,1.0,0.0,0.0,0.0,1.0,0.0,0.0,0.0,0.0,0.0,0.0,0.0,1.0,0.0,0.0,0.0,-10.568235259574376,0.0,1.0,0.0,0.0,1.0,0.0,0.0,0.0,1.0,0.0,0.0,0.0,0.0,0.0,0.0,0.0,1.0,0.0,0.0,0.0,-8.371010681238156,0.0,1.0,0.0,0.0,0.9865,0.0135,0.0,0.0,0.971,0.029,0.0,0.0,0.0,0.0,0.0,0.0,0.0,0.0,1.0,0.0,-7.260406426495969
16,"['Z.atleast', 'Z.exists']","['J(B,B)', 'not_operator(B)']","['Z.equal(xN,D)', 'Z.equal(xN,D)']","['size', 'colour']",[],-17.958416687800806,"['Z.atleast', 'Z.exists']","['J(B,B)', 'not_operator(B)']","['Z.equal(xN,D)', 'Z.equal(xN,D)']","['size', 'colour']",[],-17.958416687800806,0.0,0.0,0.0,1.0,0.0,0.0,0.0,1.0,0.0,0.0,0.0,1.0,0.0,0.0,0.0,0.0,0.0,0.0,0.0,2.0,-6.984716320118265,0.0,0.0,0.0,1.0,0.0,0.0,0.0,1.0,0.0,0.0,0.0,1.0,0.0,0.0,0.0,0.0,0.0,0.0,0.0,2.0,-6.579251212010101,1.0,1.0,0.0,0.0,0.0,0.0,0.0,1.0,0.0,0.0,0.0,1.0,0.0,0.0,0.0,0.0,0.0,0.0,0.0,2.0,-11.261382440134321,0.0,2.0,0.0,0.0,0.0,0.0,0.0,1.0,0.0,0.0,0.0,1.0,0.0,0.0,0.0,0.0,0.0,0.0,0.0,1.0,-10.97370036768254,0.0,0.0,1.0,0.0,0.0,1.0,0.0,0.0,1.0,0.0,0.0,0.0,0.0,0.0,0.0,0.0,0.0,0.0,1.0,0.0,-9.181940898454485
17,['Z.atleast'],"['J(B,B)']","['Z.equal(xN,D)', 'Z.equal(xN,D)']","['colour', 'size']",[],-15.06804492890464,['Z.atleast'],"['J(B,B)']","['Z.equal(xN,D)', 'Z.equal(xN,D)']","['colour', 'size']",[],-15.06804492890464,0.0,0.0,1.0,0.0,0.0,0.0,0.0,1.0,0.0,0.0,0.0,2.0,0.0,0.0,1.0,0.0,0.0,0.0,0.0,1.0,-8.48879371789454,0.0,1.0,0.0,0.0,0.0,0.0,0.0,1.0,0.0,0.0,0.0,1.0,0.0,0.0,0.0,0.0,0.0,0.0,0.0,1.0,-7.272398392570047,1.0,0.0,0.0,0.0,0.0,0.0,0.0,1.0,0.0,0.0,0.0,1.0,0.0,0.0,0.0,0.0,0.0,0.0,0.0,1.0,-8.083328608786376,0.0,0.0,1.0,0.0,0.0,0.0,0.0,1.0,0.0,0.0,0.0,2.0,0.0,0.0,1.0,0.0,0.0,0.0,0.0,1.0,-8.48879371789454,0.645,0.645,0.326,0.029,0.674,0.326,0.0,0.0,0.0,0.0,0.0,0.326,0.674,0.0,0.326,0.0,0.0,0.0,0.0,0.0,-6.744175498997706
18,"['Z.exists', 'Z.exists', 'Z.exists']","['J(B,B)', 'J(B,B)']","['Z.equal(xN,D)', 'Z.equal(xN,D)', 'Z.equal(xN,D)']","['colour', 'colour', 'colour']",[],-24.537667898810906,"['Z.exists', 'Z.exists', 'Z.exists']","['J(B,B)', 'J(B,B)']","['Z.equal(xN,D)', 'Z.equal(xN,D)', 'Z.equal(xN,D)']","['colour', 'colour', 'colour']",[],-24.537667898810906,0.0,0.0,0.0,2.0,0.0,0.0,0.0,2.0,0.0,0.0,0.0,2.0,0.0,0.0,0.0,0.0,0.0,0.0,0.0,2.0,-6.984716320118265,0.0,0.0,0.0,2.0,0.0,0.0,0.0,2.0,0.0,0.0,0.0,2.0,0.0,0.0,0.0,0.0,0.0,0.0,0.0,2.0,-7.272398392570047,3.0,0.0,0.0,0.0,3.0,0.0,0.0,0.0,3.0,0.0,0.0,0.0,0.0,0.0,0.0,0.0,2.0,0.0,0.0,0.0,-24.537667898810906,0.0,0.0,0.0,2.0,0.0,0.0,0.0,2.0,0.0,0.0,0.0,2.0,0.0,0.0,0.0,0.0,0.0,0.0,0.0,2.0,-9.181940898454485,0.0,1.0,0.0,0.0,1.0,0.0,0.0,0.0,1.0,0.0,0.0,0.0,0.0,0.0,0.0,0.0,0.0,0.0,0.0,0.0,-9.181940898454485
19,"['Z.exactly', 'Z.exactly']","['J(B,B)']","['Z.equal(xN,D)', 'Z.equal(xN,D)']","['size', 'size']",[],-17.958416686800806,"['Z.exactly', 'Z.exactly']","['J(B,B)']","['Z.equal(xN,D)', 'Z.equal(xN,D)']","['size', 'size']",[],-17.958416686800806,0.0,0.0,0.0,1.0,0.0,0.0,0.0,1.0,0.0,0.0,0.0,1.0,0.0,0.0,0.0,0.0,0.0,0.0,0.0,1.0,-8.083328608786376,0.0,0.0,0.0,1.0,0.0,0.0,0.0,1.0,0.0,0.0,0.0,1.0,0.0,0.0,0.0,0.0,0.0,0.0,0.0,1.0,-6.984716320118265,1.0,1.0,0.0,0.0,2.0,0.0,0.0,0.0,2.0,0.0,0.0,0.0,0.0,0.0,0.0,0.0,1.0,0.0,0.0,0.0,-16.859804398132695,0.0,0.0,0.0,1.0,0.0,0.0,0.0,1.0,0.0,0.0,0.0,1.0,0.0,0.0,0.0,0.0,0.0,0.0,0.0,1.0,-8.332713598541035,1.0,0.0,0.0,0.0,0.6675,0.3325,0.0,0.0,1.0,0.0,0.0,0.0,0.0,0.0,0.0,0.0,0.0,0.0,0.0,0.0,-8.224500288008727
20,"['Z.exists', 'Z.exists', 'Z.exists']","['J(B,B)', 'J(B,B)']","['Z.equal(xN,D)', 'Z.equal(xN,D)', 'Z.equal(xN,D)']","['colour', 'colour', 'colour']",[],-24.537667898810906,"['Z.exists', 'Z.exists', 'Z.exists']","['J(B,B)', 'J(B,B)']","['Z.equal(xN,D)', 'Z.equal(xN,D)', 'Z.equal(xN,D)']","['colour', 'colour', 'colour']",[],-24.537667898810906,0.0,0.0,0.0,2.0,0.0,0.0,0.0,2.0,0.0,0.0,0.0,2.0,0.0,0.0,0.0,0.0,0.0,0.0,0.0,2.0,-9.181940898454485,0.0,0.0,0.0,2.0,0.0,0.0,0.0,2.0,0.0,0.0,0.0,2.0,0.0,0.0,0.0,0.0,0.0,0.0,0.0,2.0,-6.984716320118265,0.0,0.0,0.0,2.0,0.0,0.0,0.0,2.0,0.0,0.0,0.0,2.0,0.0,0.0,0.0,0.0,0.0,0.0,4.0,0.0,-13.576390052126923,0.0,0.0,0.0,1.0,0.0,0.0,0.0,2.0,0.0,0.0,0.0,2.0,0.0,0.0,0.0,0.0,0.0,0.0,0.0,2.0,-9.875088079014429,0.0,0.0,1.0,0.0,0.0,1.0,0.0,0.0,1.0,0.0,0.0,0.0,0.0,0.0,0.0,0.0,0.0,0.0,0.0,0.0,-6.984716320118266
21,"['Z.exists', 'Z.forall']","['J(B,B)', 'J(B,B)', 'not_operator(B)']","['Z.equal(xN,D)', 'Z.equal(xN,D)', 'Z.greater']","['colour', 'colour', 'size']",[],-22.74590842958285,"['Z.exists', 'Z.forall']","['J(B,B)', 'J(B,B)', 'not_operator(B)']","['Z.equal(xN,D)', 'Z.equal(xN,D)', 'Z.greater']","['colour', 'colour', 'size']",[],-22.74590842958285,2.0,0.0,0.0,0.0,3.0,0.0,0.0,0.0,3.0,0.0,0.0,0.0,0.0,0.0,0.0,0.0,3.0,0.0,0.0,0.0,-22.74590842958285,2.0,0.0,0.0,0.0,3.0,0.0,0.0,0.0,3.0,0.0,0.0,0.0,0.0,0.0,0.0,0.0,3.0,0.0,0.0,0.0,-22.74590842958285,2.0,0.0,0.0,0.0,3.0,0.0,0.0,0.0,3.0,0.0,0.0,0.0,0.0,0.0,0.0,0.0,3.0,0.0,0.0,0.0,-22.74590842958285,0.0,0.0,0.0,1.0,0.0,0.0,0.0,2.0,0.0,0.0,0.0,2.0,0.0,0.0,0.0,0.0,0.0,0.0,0.0,3.0,-8.181105102566837,0.0,0.9765,0.0,0.047,0.0,1.0,0.0,0.0,1.0,0.0,0.0,0.0,0.0,0.0,0.0,0.0,0.0,0.0,0.0,0.0,-7.068929015171984
22,"['Z.exists', 'Z.forall']","['J(B,B)']","['Z.equal(xN,D)', 'Z.greater']","['colour', 'size']",[],-14.662579820796475,"['Z.exists', 'Z.forall']","['J(B,B)']","['Z.equal(xN,D)', 'Z.greater']","['colour', 'size']",[],-14.662579820796475,0.0,0.0,0.0,1.0,0.0,0.0,0.0,1.0,0.0,0.0,0.0,1.0,0.0,0.0,0.0,0.0,0.0,0.0,0.0,1.0,-6.984716320118265,0.0,0.0,0.0,1.0,0.0,0.0,0.0,1.0,0.0,0.0,0.0,1.0,0.0,0.0,0.0,0.0,0.0,0.0,0.0,1.0,-8.083328608786376,2.0,0.0,0.0,0.0,2.0,0.0,0.0,0.0,2.0,0.0,0.0,0.0,0.0,0.0,0.0,0.0,1.0,0.0,0.0,0.0,-14.662579820796475,0.0,0.0,0.0,1.0,0.0,0.0,0.0,1.0,0.0,0.0,0.0,1.0,0.0,0.0,0.0,0.0,0.0,0.0,0.0,1.0,-7.117941820580562,0.128,0.8565,0.0,0.0155,0.0995,0.9005,0.0,0.0,0.087,0.8985,0.0145,0.0,0.0,0.0,0.0,0.0145,0.0,0.0,0.0,0.098,-8.216038680738283
23,['Z.forall'],['not_operator(B)'],"['Z.equal(xN,D)']",['orientation'],[],-8.371010681238156,['Z.forall'],['not_operator(B)'],"['Z.equal(xN,D)']",['orientation'],[],-8.371010681238156,1.0,0.0,0.0,0.0,1.0,0.0,0.0,0.0,1.0,0.0,0.0,0.0,0.0,0.0,0.0,0.0,1.0,0.0,0.0,0.0,-8.371010681238156,0.0,1.0,0.0,0.0,1.0,0.0,0.0,0.0,1.0,0.0,0.0,0.0,0.0,0.0,0.0,0.0,0.0,0.0,0.0,1.0,-7.272398392570047,1.0,0.0,0.0,0.0,1.0,0.0,0.0,0.0,1.0,0.0,0.0,0.0,0.0,0.0,0.0,0.0,1.0,0.0,0.0,0.0,-8.371010681238156,0.5515,0.4485,0.0,0.0,0.8225,0.1775,0.0,0.0,0.788,0.212,0.0,0.0,0.0,0.0,0.0,0.0,0.5515,0.0,0.0,0.4485,-8.142483707940492,0.5515,0.4485,0.0,0.0,0.8225,0.1775,0.0,0.0,0.788,0.212,0.0,0.0,0.0,0.0,0.0,0.0,0.5515,0.0,0.0,0.4485,-8.371010681238156
24,"['Z.exists', 'Z.exists', 'Z.exists']","['J(B,B)', 'J(B,B)']","['Z.equal(xN,D)', 'Z.equal(xN,D)', 'Z.equal(xN,D)']","['colour', 'colour', 'colour']",[],-24.537667898810906,"['Z.exists', 'Z.exists', 'Z.exists']","['J(B,B)', 'J(B,B)']","['Z.equal(xN,D)', 'Z.equal(xN,D)', 'Z.equal(xN,D)']","['colour', 'colour', 'colour']",[],-24.537667898810906,0.0,0.0,0.0,2.0,0.0,0.0,0.0,2.0,0.0,0.0,0.0,2.0,0.0,0.0,0.0,0.0,0.0,0.0,0.0,2.0,-6.984716320118265,0.0,0.0,0.0,2.0,0.0,0.0,0.0,2.0,0.0,0.0,0.0,2.0,0.0,0.0,0.0,0.0,0.0,0.0,0.0,2.0,-8.083328608786376,2.0,1.0,0.0,0.0,0.0,0.0,0.0,2.0,0.0,0.0,0.0,2.0,0.0,0.0,0.0,0.0,0.0,0.0,0.0,2.0,-10.16277015046621,0.0,0.0,0.0,2.0,0.0,0.0,0.0,2.0,0.0,0.0,0.0,2.0,0.0,0.0,0.0,0.0,0.0,0.0,0.0,2.0,-6.984716320118266,0.0,1.0,0.0,0.0,1.0,0.0,0.0,0.0,1.0,0.0,0.0,0.0,0.0,0.0,0.0,0.0,0.0,0.0,0.0,0.0,-9.181940898454485
25,['Z.atleast'],"['J(B,B)']","['Z.equal(xN,D)', 'Z.equal(xN,D)']","['colour', 'size']",[],-15.06804492890464,['Z.atleast'],"['J(B,B)']","['Z.equal(xN,D)', 'Z.equal(xN,D)']","['colour', 'size']",[],-15.06804492890464,0.0,1.0,0.0,0.0,0.0,0.0,0.0,1.0,0.0,0.0,0.0,1.0,0.0,0.0,0.0,0.0,0.0,0.0,0.0,1.0,-6.984716320118265,0.0,1.0,0.0,0.0,0.0,0.0,0.0,1.0,0.0,0.0,0.0,1.0,0.0,0.0,0.0,0.0,0.0,0.0,0.0,1.0,-6.984716320118265,1.0,0.0,0.0,0.0,1.0,1.0,0.0,0.0,2.0,0.0,0.0,0.0,0.0,0.0,0.0,0.0,1.0,0.0,0.0,0.0,-15.06804492890464,0.0,1.0,0.0,0.0,0.0,0.0,0.0,1.0,0.0,0.0,0.0,1.0,0.0,0.0,0.0,0.0,0.0,0.0,0.0,1.0,-6.984716320118266,1.0,0.0,0.0,0.0,0.3235,0.6765,0.0,0.0,0.1035,0.8965,0.0,0.0,0.0,0.0,0.0,0.0,0.0,0.0,0.0,0.0,-6.984716320118266
26,['Z.exists'],[],"['Z.equal(xN,D)']",['colour'],[],-6.984716320118265,['Z.atleast'],[],"['Z.equal(xN,D)']",['colour'],[],-9.181940898454485,1.0,0.0,0.0,0.0,1.0,0.0,0.0,0.0,1.0,0.0,0.0,0.0,0.0,0.0,0.0,0.0,0.0,0.0,0.0,0.0,-6.984716320118265,0.0,1.0,0.0,0.0,1.0,0.0,0.0,0.0,0.0,1.0,0.0,0.0,0.0,0.0,0.0,0.0,0.0,0.0,0.0,0.0,-6.579251212010101,1.0,0.0,0.0,0.0,1.0,0.0,0.0,0.0,1.0,0.0,0.0,0.0,0.0,0.0,0.0,0.0,0.0,0.0,0.0,0.0,-6.984716320118265,1.0,0.0,0.0,0.0,1.0,0.0,0.0,0.0,1.0,0.0,0.0,0.0,0.0,0.0,0.0,0.0,0.0,0.0,0.0,0.0,-6.984716320118266,1.0,0.0,0.0,0.0,1.0,0.0,0.0,0.0,1.0,0.0,0.0,0.0,0.0,0.0,0.0,0.0,0.0,0.0,0.0,0.0,-6.984716320118266
27,['Z.exactly'],[],"['Z.equal(xN,D)']",['size'],[],-9.181940898454485,['Z.exactly'],[],"['Z.equal(xN,D)']",['size'],[],-9.181940898454485,0.0,1.0,0.0,0.0,1.0,0.0,0.0,0.0,1.0,0.0,0.0,0.0,0.0,0.0,0.0,0.0,0.0,0.0,0.0,0.0,-6.984716320118265,0.0,0.0,1.0,0.0,0.0,1.0,0.0,0.0,1.0,0.0,0.0,0.0,0.0,0.0,0.0,0.0,0.0,0.0,0.0,0.0,-7.67786350067821,1.0,0.0,0.0,0.0,0.0,1.0,0.0,0.0,1.0,0.0,0.0,0.0,0.0,0.0,0.0,0.0,0.0,0.0,0.0,0.0,-9.181940898454485,0.0,1.0,0.0,0.0,0.3635,0.6365,0.0,0.0,1.0,0.0,0.0,0.0,0.0,0.0,0.0,0.0,0.0,0.0,0.0,0.0,-6.984716320118266,0.309,0.691,0.0,0.0,0.348,0.652,0.0,0.0,1.0,0.0,0.0,0.0,0.0,0.0,0.0,0.0,0.0,0.0,0.0,0.0,-7.713096267571221
28,['Z.exists'],['not_operator(B)'],"['Z.equal(xN,D)']",['orientation'],[],-8.371010681238156,['Z.exists'],['not_operator(B)'],"['Z.equal(xN,D)']",['orientation'],[],-8.371010681238156,1.0,0.0,0.0,0.0,1.0,0.0,0.0,0.0,0.0,1.0,0.0,0.0,0.0,0.0,0.0,0.0,0.0,0.0,0.0,1.0,-6.984716320118265,1.0,0.0,0.0,0.0,1.0,0.0,0.0,0.0,0.0,1.0,0.0,0.0,0.0,0.0,0.0,0.0,0.0,0.0,0.0,1.0,-6.984716320118265,0.0,1.0,0.0,0.0,1.0,0.0,0.0,0.0,0.0,1.0,0.0,0.0,0.0,0.0,0.0,0.0,0.0,0.0,0.0,1.0,-6.984716320118265,1.0,0.0,0.0,0.0,1.0,0.0,0.0,0.0,0.0,1.0,0.0,0.0,0.0,0.0,0.0,0.0,0.0,0.0,0.0,1.0,-6.984716320118266,1.0,0.0,0.0,0.0,1.0,0.0,0.0,0.0,0.0,1.0,0.0,0.0,0.0,0.0,0.0,0.0,0.0,0.0,0.0,1.0,-8.371010681238156
29,['Z.atleast'],[],"['Z.equal(xN,D)']",['colour'],[],-9.181940898454485,['Z.atleast'],[],"['Z.equal(xN,D)']",['colour'],[],-9.181940898454485,0.0,1.0,0.0,0.0,1.0,0.0,0.0,0.0,1.0,0.0,0.0,0.0,0.0,0.0,0.0,0.0,0.0,0.0,0.0,0.0,-6.984716320118265,0.0,1.0,0.0,0.0,1.0,0.0,0.0,0.0,1.0,0.0,0.0,0.0,0.0,0.0,0.0,0.0,0.0,0.0,0.0,0.0,-6.984716320118265,0.0,1.0,0.0,0.0,1.0,0.0,0.0,0.0,1.0,0.0,0.0,0.0,0.0,0.0,0.0,0.0,0.0,0.0,0.0,0.0,-6.984716320118265,0.0,1.0,0.0,0.0,1.0,0.0,0.0,0.0,1.0,0.0,0.0,0.0,0.0,0.0,0.0,0.0,0.0,0.0,0.0,0.0,-6.984716320118266,1.0,0.0,0.0,0.0,1.0,0.0,0.0,0.0,1.0,0.0,0.0,0.0,0.0,0.0,0.0,0.0,0.0,0.0,0.0,0.0,-6.984716320118266
30,"['Z.atleast', 'Z.forall']","['J(B,B)', 'not_operator(B)', 'J(B,B)']","['Z.equal(xN,D)', 'Z.equal(xN,D)', 'Z.equal(xN,D)']","['size', 'colour', 'size']",[],-24.94313300691907,"['Z.atleast', 'Z.forall']","['J(B,B)', 'not_operator(B)', 'J(B,B)']","['Z.equal(xN,D)', 'Z.equal(xN,D)', 'Z.equal(xN,D)']","['size', 'colour', 'size']",[],-24.94313300691907,0.0,0.0,0.0,1.0,0.0,0.0,0.0,2.0,0.0,0.0,0.0,2.0,0.0,0.0,0.0,0.0,0.0,0.0,0.0,3.0,-6.984716320118265,0.0,0.0,0.0,1.0,0.0,0.0,0.0,2.0,0.0,0.0,0.0,2.0,0.0,0.0,0.0,0.0,0.0,0.0,0.0,3.0,-6.984716320118265,2.0,0.0,0.0,0.0,2.0,1.0,0.0,0.0,0.0,0.0,0.0,1.0,0.0,0.0,1.0,0.0,3.0,0.0,0.0,0.0,-22.45822635713107,0.0,0.0,0.0,1.0,0.0,0.0,0.0,2.0,0.0,0.0,0.0,2.0,0.0,0.0,0.0,0.0,0.0,0.0,0.0,3.0,-6.984716320118266,0.358,0.6155,0.0,0.0265,0.4035,0.5965,0.0,0.0,0.388,0.612,0.0,0.0,0.0,0.0,0.0,0.0,0.0,0.0,0.0,0.612,-7.8806100950581826
31,"['Z.exists', 'Z.exists']","['J(B,B)', 'J(B,B)']","['Z.equal(xN,D)', 'Z.equal(xN,D)', 'Z.greater']","['colour', 'colour', 'size']",[],-21.64729614091474,"['Z.forall', 'Z.exists']","['J(B,B)', 'J(B,B)', 'not_operator(B)']","['Z.equal(xN,D)', 'Z.equal(xN,D)', 'Z.greater']","['colour', 'colour', 'size']",[],-22.74590842958285,0.0,0.0,0.0,1.0,0.0,0.0,0.0,2.0,0.0,0.0,0.0,2.0,0.0,0.0,0.0,0.0,0.0,0.0,0.0,2.0,-6.984716320118265,0.0,0.0,0.0,1.0,0.0,0.0,0.0,2.0,0.0,0.0,0.0,2.0,0.0,0.0,0.0,0.0,0.0,0.0,0.0,2.0,-6.984716320118265,2.0,0.0,0.0,0.0,3.0,0.0,0.0,0.0,3.0,0.0,0.0,0.0,0.0,0.0,0.0,0.0,2.0,0.0,0.0,0.0,-21.64729614091474,0.0,0.0,0.0,1.0,0.0,0.0,0.0,2.0,0.0,0.0,0.0,2.0,0.0,0.0,0.0,0.0,0.0,0.0,0.0,1.246,-7.813069985774021,1.0,0.0,0.0,0.0,0.006,0.994,0.0,0.0,0.0,1.0,0.0,0.0,0.0,0.0,0.0,0.0,0.0,0.0,0.754,0.0,-6.982283529469616
32,"['Z.atleast', 'Z.atleast', 'Z.atleast']","['J(B,B)', 'J(B,B)']","['Z.equal(xN,D)', 'Z.equal(xN,D)', 'Z.equal(xN,D)']","['colour', 'colour', 'colour']",[],-31.129341633819564,"['Z.atleast', 'Z.atleast']","['J(B,B)']","['Z.equal(xN,D)', 'Z.equal(xN,D)']","['colour', 'colour']",[],-20.155641266137025,0.0,0.0,0.0,2.0,0.0,0.0,0.0,2.0,0.0,0.0,0.0,2.0,0.0,0.0,0.0,0.0,0.0,0.0,0.0,2.0,-6.984716320118265,0.0,3.0,0.0,0.0,0.0,0.0,0.0,2.0,0.0,0.0,0.0,3.0,0.0,0.0,1.0,0.0,0.0,0.0,1.0,0.0,-13.576390053126923,1.0,2.0,0.0,0.0,0.0,0.0,0.0,1.0,0.0,0.0,0.0,1.0,0.0,0.0,0.0,0.0,0.0,0.0,3.0,0.0,-24.1446253107013,0.0,0.0,0.0,2.0,0.0,0.0,0.0,2.0,0.0,0.0,0.0,2.0,0.0,0.0,0.0,0.0,0.0,0.0,0.0,2.0,-6.984716320118266,0.0,1.0,0.0,0.0,0.0,1.0,0.0,0.0,0.0,1.0,0.0,0.0,0.0,0.0,0.0,0.0,0.0,0.0,0.0,0.0,-6.984716320118266
33,"['Z.exists', 'Z.exists']","['J(B,B)', 'J(B,B)', 'J(B,B)']","['Z.equal(xN,D)', 'Z.equal(xN,D)', 'Z.hor_operator(xN,xO,I)', 'Z.equal(xN,D)']","['colour', 'colour', 'orientation']",['contact'],-26.147105811245005,"['Z.exists', 'Z.exists']","['J(B,B)', 'J(B,B)']","['Z.equal(xN,D)', 'Z.equal(xN,D)', 'Z.hor_operator(xN,xO,I)']","['colour', 'colour']",['contact'],-20.26100177979485,0.0,0.0,0.0,1.0,0.0,0.0,0.0,3.0,0.0,0.0,0.0,2.0,0.0,0.0,0.0,1.0,0.0,0.0,0.0,3.0,-7.272398392570047,0.0,0.0,0.0,1.0,0.0,0.0,0.0,3.0,0.0,0.0,0.0,2.0,0.0,0.0,0.0,1.0,0.0,0.0,0.0,3.0,-6.984716320118265,1.0,1.0,0.0,0.0,3.0,1.0,0.0,0.0,0.0,0.0,0.0,1.0,0.0,0.0,1.0,0.0,3.0,0.0,0.0,0.0,-24.760811450125118,0.0,0.006,0.0,0.997,0.0,0.0,0.0,3.0,0.0,0.0,0.0,2.0,0.0,0.0,0.0,1.0,0.0,0.0,0.0,2.995,-6.893624247433032,0.507,0.4555,0.003,0.0345,0.3225,0.6775,0.0,0.0,0.5345,0.454,0.0115,0.0,0.0,0.0,0.0,0.0115,0.0,0.0,0.005,0.0015,-7.189485552688464
34,"['Z.exists', 'Z.exists']","['J(B,B)']","['Z.equal(xN,xO,G)', 'Z.hor_operator(xN,xO,I)']",['size'],['contact'],-12.177673171008475,"['Z.exists', 'Z.exists']","['J(B,B)']","['Z.equal(xN,xO,G)', 'Z.hor_operator(xN,xO,I)']",['size'],['contact'],-12.177673171008475,0.0,0.0,0.0,1.0,0.0,0.0,0.0,1.0,0.0,1.0,0.0,0.0,0.0,0.0,0.0,1.0,0.0,0.0,0.0,1.0,-9.181940898454485,0.0,0.0,0.0,1.0,0.0,0.0,0.0,1.0,1.0,0.0,0.0,0.0,0.0,0.0,0.0,1.0,0.0,0.0,0.0,1.0,-9.181940898454485,2.0,0.0,0.0,0.0,0.0,0.0,0.0,1.0,0.0,0.0,0.0,1.0,1.0,0.0,0.0,0.0,0.0,0.0,0.0,1.0,-6.29156913955832,0.0,0.0,0.0,1.0,0.0,0.0,0.0,1.0,0.0,1.0,0.0,0.0,0.0,0.0,0.0,1.0,0.0,0.0,0.0,1.0,-9.181940898454485,0.0,1.0,0.0,0.0,1.0,0.0,0.0,0.0,1.0,0.0,0.0,0.0,0.0,0.0,0.0,0.0,0.0,0.0,0.0,0.0,-6.984716320118266
35,"['Z.forall', 'Z.exists']","['J(B,B)', 'not_operator(B)']","['Z.equal(xN,D)', 'Z.hor_operator(xN,xO,I)']",['orientation'],['contact'],-14.662579820796477,"['Z.forall', 'Z.exists']","['J(B,B)', 'not_operator(B)']","['Z.equal(xN,D)', 'Z.hor_operator(xN,xO,I)']",['orientation'],['contact'],-14.662579820796477,0.0,0.0,0.0,1.0,0.0,0.0,0.0,1.0,1.0,0.0,0.0,0.0,0.0,0.0,0.0,1.0,0.0,0.0,0.0,1.0,-10.568235259574376,0.0,0.0,0.0,1.0,0.0,0.0,0.0,1.0,0.0,1.0,0.0,0.0,0.0,0.0,0.0,1.0,0.0,0.0,0.0,2.0,-6.984716320118265,0.0,0.0,1.0,0.0,0.0,0.0,0.0,1.0,0.0,1.0,0.0,0.0,0.0,0.0,0.0,1.0,0.0,0.0,0.0,2.0,-10.568235258574376,0.0,1.672,0.0,0.164,0.0,0.0,0.0,1.0,0.0,0.164,0.0,0.836,0.836,0.0,0.0,0.164,0.0,0.0,0.0,2.0,-6.573332957385372,0.0,0.164,0.836,0.0,0.087,0.913,0.0,0.0,0.0,0.164,0.0,0.836,0.0,0.0,0.836,0.0,0.0,0.0,0.0,0.0,-7.268802366664396
36,['Z.exists'],[],"['Z.equal(xN,D)']",['colour'],[],-6.984716320118265,['Z.exists'],[],"['Z.equal(xN,D)']",['colour'],[],-6.984716320118265,0.0,1.0,0.0,0.0,1.0,0.0,0.0,0.0,0.0,1.0,0.0,0.0,0.0,0.0,0.0,0.0,0.0,0.0,0.0,0.0,-8.77647579034632,0.0,1.0,0.0,0.0,0.0,1.0,0.0,0.0,0.0,1.0,0.0,0.0,0.0,0.0,0.0,0.0,0.0,0.0,0.0,0.0,-8.083328608786376,0.0,1.0,0.0,0.0,1.0,0.0,0.0,0.0,1.0,0.0,0.0,0.0,0.0,0.0,0.0,0.0,0.0,0.0,0.0,0.0,-9.181940898454485,0.0,1.0,0.0,0.0,1.0,0.0,0.0,0.0,1.0,0.0,0.0,0.0,0.0,0.0,0.0,0.0,0.0,0.0,0.0,0.0,-9.181940898454485,0.0,1.0,0.0,0.0,1.0,0.0,0.0,0.0,1.0,0.0,0.0,0.0,0.0,0.0,0.0,0.0,0.0,0.0,0.0,0.0,-6.984716320118266
37,['Z.atleast'],[],"['Z.equal(xN,D)']",['colour'],[],-9.181940898454485,['Z.atleast'],[],"['Z.equal(xN,D)']",['colour'],[],-9.181940898454485,0.0,1.0,0.0,0.0,1.0,0.0,0.0,0.0,1.0,0.0,0.0,0.0,0.0,0.0,0.0,0.0,0.0,0.0,0.0,0.0,-6.984716320118265,0.0,1.0,0.0,0.0,0.0,1.0,0.0,0.0,0.0,1.0,0.0,0.0,0.0,0.0,0.0,0.0,0.0,0.0,0.0,0.0,-8.083328608786376,0.0,1.0,0.0,0.0,1.0,0.0,0.0,0.0,1.0,0.0,0.0,0.0,0.0,0.0,0.0,0.0,0.0,0.0,1.0,0.0,-10.280553187122594,0.0,1.0,0.0,0.0,1.0,0.0,0.0,0.0,1.0,0.0,0.0,0.0,0.0,0.0,0.0,0.0,0.0,0.0,0.0,0.0,-6.984716320118266,0.0,1.0,0.0,0.0,0.3805,0.6195,0.0,0.0,0.18,0.82,0.0,0.0,0.0,0.0,0.0,0.0,0.0,0.0,0.0,0.0,-6.98283283561395
38,['Z.exactly'],[],"['Z.equal(xN,D)']",['colour'],[],-9.181940898454485,['Z.exactly'],[],"['Z.equal(xN,D)']",['colour'],[],-9.181940898454485,0.0,1.0,0.0,0.0,0.0,1.0,0.0,0.0,0.0,1.0,0.0,0.0,0.0,0.0,0.0,0.0,0.0,0.0,0.0,0.0,-6.984716320118265,1.0,0.0,0.0,0.0,0.0,1.0,0.0,0.0,0.0,1.0,0.0,0.0,0.0,0.0,0.0,0.0,0.0,0.0,0.0,0.0,-8.083328608786376,0.0,1.0,0.0,0.0,1.0,0.0,0.0,0.0,1.0,0.0,0.0,0.0,0.0,0.0,0.0,0.0,0.0,0.0,0.0,0.0,-6.984716320118265,0.0,1.0,0.0,0.0,0.4755,0.5245,0.0,0.0,0.1315,0.8685,0.0,0.0,0.0,0.0,0.0,0.0,0.0,0.0,0.0,0.0,-6.984716320118266,0.0,1.0,0.0,0.0,0.4755,0.5245,0.0,0.0,0.1315,0.8685,0.0,0.0,0.0,0.0,0.0,0.0,0.0,0.0,0.0,0.0,-9.181940898454485
39,"['Z.exists', 'Z.exists']",[],"['Z.hor_operator(xN,xO,I)']",[],['contact'],-6.29156913955832,"['Z.exists', 'Z.exists']",[],"['Z.hor_operator(xN,xO,I)']",[],['contact'],-6.29156913955832,0.0,0.0,0.0,1.0,0.0,1.0,0.0,0.0,0.0,0.0,1.0,0.0,0.0,0.0,0.0,1.0,0.0,0.0,0.0,0.0,-6.984716320118265,0.0,0.0,0.0,1.0,0.0,1.0,0.0,0.0,0.0,0.0,1.0,0.0,0.0,0.0,0.0,1.0,0.0,0.0,0.0,0.0,-7.272398392570047,2.0,0.0,0.0,0.0,1.0,0.0,0.0,0.0,0.0,0.0,0.0,0.0,1.0,0.0,0.0,0.0,0.0,0.0,0.0,0.0,-6.29156913955832,0.0,0.0,0.0,1.0,0.0,1.0,0.0,0.0,0.0,0.0,1.0,0.0,0.0,0.0,0.0,1.0,0.0,0.0,0.0,0.0,-6.984716320118266,0.9675,0.0,0.0,0.0325,0.9505,0.0495,0.0,0.0,0.1665,0.801,0.0325,0.0,0.0,0.0,0.0,0.0325,0.0,0.0,0.0,0.0,-6.646037259944667
40,"['Z.exists', 'Z.exists']",[],"['Z.hor_operator(xN,xO,I)']",[],['contact'],-6.29156913955832,"['Z.exists', 'Z.exists']",[],"['Z.hor_operator(xN,xO,I)']",[],['contact'],-6.29156913955832,0.0,0.0,0.0,1.0,0.0,1.0,0.0,0.0,0.0,0.0,1.0,0.0,0.0,0.0,0.0,1.0,0.0,0.0,0.0,0.0,-9.181940898454485,0.0,0.0,0.0,1.0,0.0,1.0,0.0,0.0,0.0,0.0,1.0,0.0,0.0,0.0,0.0,1.0,0.0,0.0,0.0,0.0,-7.272398392570047,0.0,0.0,0.0,1.0,0.0,1.0,0.0,0.0,0.0,0.0,1.0,0.0,0.0,0.0,0.0,1.0,0.0,0.0,0.0,0.0,-9.181940898454485,0.0,0.0,0.0,1.0,0.0,1.0,0.0,0.0,0.0,0.0,1.0,0.0,0.0,0.0,0.0,1.0,0.0,0.0,0.0,0.0,-8.116286977476419,0.0,1.0,0.0,0.0,0.9265,0.0735,0.0,0.0,1.0,0.0,0.0,0.0,0.0,0.0,0.0,0.0,0.0,0.0,0.0,0.0,-8.138808529414614
41,"['Z.exists', 'Z.exists']","['J(B,B)', 'J(B,B)', 'not_operator(B)', 'not_operator(B)']","['Z.hor_operator(xN,xO,I)', 'Z.equal(xN,D)', 'Z.equal(xN,D)']","['orientation', 'orientation']",['contact'],-23.03359050203463,"['Z.exists', 'Z.exists']","['J(B,B)', 'J(B,B)', 'not_operator(B)', 'not_operator(B)']","['Z.hor_operator(xN,xO,I)', 'Z.equal(xN,D)', 'Z.equal(xN,D)']","['orientation', 'orientation']",['contact'],-23.03359050203463,0.0,0.0,0.0,1.0,0.0,0.0,0.0,2.0,0.0,0.0,0.0,1.0,0.0,0.0,0.0,1.0,0.0,0.0,0.0,3.0,-8.371010681238156,0.0,0.0,0.0,1.0,0.0,0.0,0.0,2.0,0.0,0.0,0.0,1.0,0.0,0.0,0.0,1.0,0.0,0.0,0.0,4.0,-6.579251212010101,2.0,0.0,0.0,0.0,2.0,1.0,0.0,0.0,1.0,1.0,0.0,0.0,1.0,0.0,0.0,0.0,4.0,0.0,0.0,0.0,-22.74590842958285,0.0,0.0,0.0,1.0,0.0,0.0,0.0,2.0,0.0,0.0,0.0,1.0,0.0,0.0,0.0,1.0,0.0,0.0,0.0,3.0,-8.371010681238156,0.104,0.896,0.0,0.0,0.1245,0.8755,0.0,0.0,0.038,0.962,0.0,0.0,0.0,0.0,0.0,0.0,0.0075,0.0,0.9925,0.0,-7.863021923333787
42,"['Z.exists', 'Z.exists']",[],"['Z.hor_operator(xN,xO,I)']",[],['contact'],-6.29156913955832,"['Z.exists', 'Z.exists']",[],"['Z.hor_operator(xN,xO,I)']",[],['contact'],-6.29156913955832,2.0,0.0,0.0,0.0,1.0,0.0,0.0,0.0,0.0,0.0,0.0,0.0,1.0,0.0,0.0,0.0,0.0,0.0,0.0,0.0,-6.29156913955832,0.0,0.0,0.0,1.0,0.0,1.0,0.0,0.0,0.0,0.0,1.0,0.0,0.0,0.0,0.0,1.0,0.0,0.0,0.0,0.0,-6.579251212010101,2.0,0.0,0.0,0.0,1.0,0.0,0.0,0.0,0.0,0.0,0.0,0.0,1.0,0.0,0.0,0.0,0.0,0.0,0.0,0.0,-6.29156913955832,0.0,0.0,1.0,0.0,1.0,0.0,0.0,0.0,0.0,0.0,0.0,0.0,1.0,0.0,0.0,0.0,0.0,0.0,0.0,0.0,-8.083328608786376,0.0,0.0,2.0,0.0,0.0,1.0,0.0,0.0,0.0,0.0,0.0,1.0,0.0,0.0,1.0,0.0,0.0,0.0,0.0,0.0,-6.984716320118266
43,"['Z.exists', 'Z.exists', 'Z.exists']","['J(B,B)', 'J(B,B)', 'not_operator(B)', 'not_operator(B)']","['Z.equal(xN,xO,G)', 'Z.hor_operator(xN,xO,I)', 'Z.hor_operator(xN,xO,I)']",['colour'],"['contact', 'contact']",-20.666466887903017,"['Z.exists', 'Z.exists', 'Z.exists']","['J(B,B)', 'J(B,B)', 'not_operator(B)', 'not_operator(B)']","['Z.equal(xN,xO,G)', 'Z.hor_operator(xN,xO,I)', 'Z.hor_operator(xN,xO,I)']",['colour'],"['contact', 'contact']",-20.666466887903017,0.0,0.0,0.0,1.0,0.0,0.0,0.0,2.0,0.0,0.0,0.0,1.0,0.0,0.0,0.0,1.0,0.0,0.0,0.0,4.0,-6.29156913955832,0.0,0.0,0.0,1.0,0.0,0.0,0.0,2.0,0.0,0.0,0.0,1.0,0.0,0.0,0.0,1.0,0.0,0.0,0.0,4.0,-6.29156913955832,1.0,2.0,0.0,0.0,0.0,0.0,0.0,2.0,0.0,1.0,0.0,0.0,0.0,0.0,0.0,2.0,0.0,0.0,0.0,4.0,-11.666847547242485,0.045,0.0225,0.0,1.641,0.0,0.0,0.0,2.0,0.0225,0.6415,0.0,0.336,0.0,0.0,0.0,1.664,0.0,0.0,0.0,4.0,-6.82668709367554,0.55,0.1135,0.359,0.0,0.281,0.719,0.0,0.0,0.122,0.542,0.0,0.336,0.0,0.0,0.336,0.0,0.0,0.0,0.0,0.0,-7.242934950011931
44,"['Z.exists', 'Z.exists', 'Z.exists']","['J(B,B)', 'J(B,B)']","['Z.equal(xN,D)', 'Z.equal(xN,D)', 'Z.equal(xN,D)']","['colour', 'colour', 'colour']",[],-24.537667898810906,"['Z.exists', 'Z.exists', 'Z.exists']","['J(B,B)', 'J(B,B)']","['Z.equal(xN,D)', 'Z.equal(xN,D)', 'Z.equal(xN,D)']","['colour', 'colour', 'colour']",[],-24.537667898810906,0.0,0.0,0.0,2.0,0.0,0.0,0.0,2.0,0.0,0.0,0.0,2.0,0.0,0.0,0.0,0.0,0.0,0.0,0.0,2.0,-9.181940898454485,0.0,0.0,0.0,2.0,0.0,0.0,0.0,2.0,0.0,0.0,0.0,2.0,0.0,0.0,0.0,0.0,0.0,0.0,0.0,2.0,-8.083328608786376,3.0,0.0,0.0,0.0,3.0,0.0,0.0,0.0,3.0,0.0,0.0,0.0,0.0,0.0,0.0,0.0,0.0,0.0,1.0,0.0,-25.636280187479016,0.0,0.0,0.0,2.0,0.0,0.0,0.0,2.0,0.0,0.0,0.0,2.0,0.0,0.0,0.0,0.0,0.0,0.0,0.0,2.0,-9.181940898454485,0.584,0.416,0.0,0.0,0.1835,0.8165,0.0,0.0,0.788,0.212,0.0,0.0,0.0,0.0,0.0,0.0,0.0,0.0,0.0,0.0,-7.709776972009089
45,"['Z.exists', 'Z.exists']","['J(B,B)']","['Z.equal(xN,D)', 'Z.equal(xN,D)']","['colour', 'colour']",[],-15.761192109464586,"['Z.exists', 'Z.exists']","['J(B,B)']","['Z.equal(xN,D)', 'Z.equal(xN,D)']","['colour', 'colour']",[],-15.761192109464586,0.0,0.0,0.0,1.0,0.0,0.0,0.0,1.0,0.0,0.0,0.0,1.0,0.0,0.0,0.0,0.0,0.0,0.0,0.0,1.0,-6.984716320118265,0.0,0.0,0.0,1.0,0.0,0.0,0.0,1.0,0.0,0.0,0.0,1.0,0.0,0.0,0.0,0.0,0.0,0.0,0.0,1.0,-9.181940898454485,2.0,0.0,0.0,0.0,2.0,0.0,0.0,0.0,2.0,0.0,0.0,0.0,0.0,0.0,0.0,0.0,1.0,0.0,0.0,0.0,-15.761192109464586,0.0,0.0,0.0,1.0,0.0,0.0,0.0,1.0,0.0,0.0,0.0,1.0,0.0,0.0,0.0,0.0,0.0,1.0,0.0,0.0,-8.083328608786376,0.0,1.0,0.0,0.0,1.0,0.0,0.0,0.0,1.0,0.0,0.0,0.0,0.0,0.0,0.0,0.0,0.0,0.0,1.0,0.0,-6.984716320118266
46,['Z.atleast'],[],"['Z.equal(xN,D)']",['colour'],[],-9.181940898454485,['Z.atleast'],[],"['Z.equal(xN,D)']",['colour'],[],-9.181940898454485,0.0,1.0,0.0,0.0,1.0,0.0,0.0,0.0,1.0,0.0,0.0,0.0,0.0,0.0,0.0,0.0,0.0,0.0,0.0,0.0,-9.181940898454485,0.0,1.0,0.0,0.0,0.0,1.0,0.0,0.0,0.0,1.0,0.0,0.0,0.0,0.0,0.0,0.0,0.0,0.0,0.0,0.0,-8.083328608786376,0.0,1.0,0.0,0.0,1.0,0.0,0.0,0.0,1.0,0.0,0.0,0.0,0.0,0.0,0.0,0.0,0.0,0.0,0.0,0.0,-6.984716320118265,0.0,1.0,0.0,0.0,1.0,0.0,0.0,0.0,1.0,0.0,0.0,0.0,0.0,0.0,0.0,0.0,0.0,0.0,0.0,0.0,-9.181940898454485,0.0,1.0,0.0,0.0,1.0,0.0,0.0,0.0,1.0,0.0,0.0,0.0,0.0,0.0,0.0,0.0,0.0,0.0,0.0,0.0,-6.984716320118266
47,['Z.exists'],"['J(B,B)']","['Z.equal(xN,D)', 'Z.equal(xN,D)']","['colour', 'orientation']",[],-14.257114712688312,['Z.exists'],"['J(B,B)']","['Z.equal(xN,D)', 'Z.equal(xN,D)']","['colour', 'orientation']",[],-14.257114712688312,1.0,0.0,0.0,0.0,2.0,0.0,0.0,0.0,2.0,0.0,0.0,0.0,0.0,0.0,0.0,0.0,1.0,0.0,0.0,0.0,-14.257114712688315,1.0,0.0,0.0,0.0,2.0,0.0,0.0,0.0,2.0,0.0,0.0,0.0,0.0,0.0,0.0,0.0,1.0,0.0,0.0,0.0,-14.257114712688315,1.0,0.0,0.0,0.0,2.0,0.0,0.0,0.0,2.0,0.0,0.0,0.0,0.0,0.0,0.0,0.0,1.0,0.0,0.0,0.0,-14.257114712688315,0.0,1.0,0.0,0.0,0.0,0.0,0.0,1.0,0.0,0.0,0.0,1.0,0.0,0.0,0.0,0.0,0.0,0.0,0.0,1.0,-8.348643476741225,0.0,1.0,0.0,0.0,0.0,1.0,0.0,0.0,0.0,1.0,0.0,0.0,0.0,0.0,0.0,0.0,0.0,0.0,0.0,1.0,-8.371010681238156
48,['Z.atleast'],"['J(B,B)']","['Z.equal(xN,D)', 'Z.equal(xN,D)']","['colour', 'orientation']",[],-16.45433929102453,['Z.atleast'],"['J(B,B)']","['Z.equal(xN,D)', 'Z.equal(xN,D)']","['colour', 'orientation']",[],-16.45433929102453,0.0,1.0,0.0,0.0,0.0,0.0,0.0,1.0,0.0,0.0,0.0,1.0,0.0,0.0,0.0,0.0,0.0,0.0,0.0,1.0,-6.984716320118265,1.0,0.0,0.0,0.0,0.0,0.0,0.0,1.0,0.0,0.0,0.0,1.0,0.0,0.0,0.0,0.0,0.0,0.0,0.0,1.0,-9.181940898454485,1.0,0.0,0.0,0.0,2.0,0.0,0.0,0.0,2.0,0.0,0.0,0.0,0.0,0.0,0.0,0.0,1.0,0.0,0.0,0.0,-16.45433929102453,0.0,1.0,0.0,0.0,0.0,0.0,0.0,1.0,0.0,0.0,0.0,1.0,0.0,0.0,0.0,0.0,0.0,0.0,0.0,1.0,-8.81390578158317,0.1675,0.8325,0.0,0.0,0.999,0.001,0.0,0.0,0.999,0.001,0.0,0.0,0.0,0.0,0.0,0.0,0.0,0.0,0.0,0.0,-6.984716320118266
49,['Z.atleast'],[],"['Z.equal(xN,D)']",['colour'],[],-9.181940898454485,['Z.atleast'],[],"['Z.equal(xN,D)']",['colour'],[],-9.181940898454485,0.0,1.0,0.0,0.0,1.0,0.0,0.0,0.0,1.0,0.0,0.0,0.0,0.0,0.0,0.0,0.0,0.0,0.0,0.0,0.0,-6.984716320118265,0.0,1.0,0.0,0.0,0.0,1.0,0.0,0.0,0.0,1.0,0.0,0.0,0.0,0.0,0.0,0.0,0.0,0.0,0.0,0.0,-6.984716320118265,1.0,0.0,0.0,0.0,1.0,0.0,0.0,0.0,1.0,0.0,0.0,0.0,0.0,0.0,0.0,0.0,0.0,0.0,0.0,0.0,-9.181940898454485,0.0,1.0,0.0,0.0,1.0,0.0,0.0,0.0,1.0,0.0,0.0,0.0,0.0,0.0,0.0,0.0,0.0,0.0,0.0,0.0,-6.984716320118266,1.0,0.0,0.0,0.0,1.0,0.0,0.0,0.0,1.0,0.0,0.0,0.0,0.0,0.0,0.0,0.0,0.0,0.0,0.0,0.0,-6.984716320118266
50,['Z.exists'],[],"['Z.equal(xN,D)']",['colour'],[],-6.984716320118265,['Z.exists'],[],"['Z.equal(xN,D)']",['colour'],[],-6.984716320118265,1.0,0.0,0.0,0.0,1.0,0.0,0.0,0.0,1.0,0.0,0.0,0.0,0.0,0.0,0.0,0.0,0.0,0.0,0.0,0.0,-6.984716320118265,0.0,1.0,0.0,0.0,0.0,1.0,0.0,0.0,0.0,1.0,0.0,0.0,0.0,0.0,0.0,0.0,0.0,0.0,0.0,0.0,-6.984716320118265,1.0,0.0,0.0,0.0,0.0,1.0,0.0,0.0,0.0,1.0,0.0,0.0,0.0,0.0,0.0,0.0,0.0,0.0,0.0,0.0,-6.984716320118265,0.8785,0.1215,0.0,0.0,0.873,0.127,0.0,0.0,0.87,0.13,0.0,0.0,0.0,0.0,0.0,0.0,0.0,0.0,0.0,0.0,-7.034703179252665,0.8785,0.1215,0.0,0.0,0.625,0.375,0.0,0.0,0.3715,0.6285,0.0,0.0,0.0,0.0,0.0,0.0,0.0,0.0,0.0,0.0,-6.984108122456104
51,['Z.atleast'],[],"['Z.equal(xN,D)']",['colour'],[],-9.181940898454485,['Z.atleast'],[],"['Z.equal(xN,D)']",['colour'],[],-9.181940898454485,0.0,1.0,0.0,0.0,1.0,0.0,0.0,0.0,1.0,0.0,0.0,0.0,0.0,0.0,0.0,0.0,0.0,0.0,0.0,0.0,-6.984716320118265,0.0,1.0,0.0,0.0,0.0,1.0,0.0,0.0,0.0,1.0,0.0,0.0,0.0,0.0,0.0,0.0,0.0,0.0,0.0,0.0,-6.984716320118265,1.0,0.0,0.0,0.0,1.0,0.0,0.0,0.0,1.0,0.0,0.0,0.0,0.0,0.0,0.0,0.0,0.0,0.0,0.0,0.0,-9.181940898454485,0.0,1.0,0.0,0.0,1.0,0.0,0.0,0.0,1.0,0.0,0.0,0.0,0.0,0.0,0.0,0.0,0.0,0.0,0.0,0.0,-6.984716320118266,1.0,0.0,0.0,0.0,1.0,0.0,0.0,0.0,1.0,0.0,0.0,0.0,0.0,0.0,0.0,0.0,0.0,0.0,0.0,0.0,-6.984716320118266
52,['Z.exists'],[],"['Z.equal(xN,D)']",['colour'],[],-6.984716320118265,['Z.exactly'],[],"['Z.equal(xN,D)']",['colour'],[],-9.181940898454485,1.0,0.0,0.0,0.0,1.0,0.0,0.0,0.0,1.0,0.0,0.0,0.0,0.0,0.0,0.0,0.0,0.0,0.0,0.0,0.0,-6.984716320118265,0.0,1.0,0.0,0.0,0.0,1.0,0.0,0.0,0.0,1.0,0.0,0.0,0.0,0.0,0.0,0.0,0.0,0.0,0.0,0.0,-9.181940898454485,1.0,0.0,0.0,0.0,1.0,0.0,0.0,0.0,1.0,0.0,0.0,0.0,0.0,0.0,0.0,0.0,0.0,0.0,0.0,0.0,-6.984716320118265,1.0,0.0,0.0,0.0,1.0,0.0,0.0,0.0,1.0,0.0,0.0,0.0,0.0,0.0,0.0,0.0,0.0,0.0,0.0,0.0,-6.984716320118266,1.0,0.0,0.0,0.0,1.0,0.0,0.0,0.0,1.0,0.0,0.0,0.0,0.0,0.0,0.0,0.0,0.0,0.0,0.0,0.0,-6.984716320118266
53,['Z.exactly'],[],"['Z.equal(xN,D)']",['colour'],[],-9.181940898454485,['Z.exactly'],[],"['Z.equal(xN,D)']",['colour'],[],-9.181940898454485,0.0,1.0,0.0,0.0,1.0,0.0,0.0,0.0,1.0,0.0,0.0,0.0,0.0,0.0,0.0,0.0,0.0,0.0,0.0,0.0,-6.984716320118265,0.0,1.0,0.0,0.0,0.0,1.0,0.0,0.0,0.0,1.0,0.0,0.0,0.0,0.0,0.0,0.0,0.0,0.0,0.0,0.0,-6.984716320118265,0.0,1.0,0.0,0.0,1.0,0.0,0.0,0.0,1.0,0.0,0.0,0.0,0.0,0.0,0.0,0.0,0.0,0.0,0.0,0.0,-9.181940898454485,0.0,1.0,0.0,0.0,0.962,0.038,0.0,0.0,0.962,0.038,0.0,0.0,0.0,0.0,0.0,0.0,0.0,0.0,0.0,0.0,-6.984716320118266,0.481,0.4555,0.0,0.0635,0.6885,0.3115,0.0,0.0,0.555,0.445,0.0,0.0,0.0,0.0,0.0,0.0,0.0,0.0,0.0,0.007,-8.126794149017599
54,['Z.exists'],[],"['Z.equal(xN,D)']",['colour'],[],-6.984716320118265,['Z.exists'],[],"['Z.equal(xN,D)']",['colour'],[],-6.984716320118265,1.0,0.0,0.0,0.0,1.0,0.0,0.0,0.0,1.0,0.0,0.0,0.0,0.0,0.0,0.0,0.0,0.0,0.0,0.0,0.0,-6.984716320118265,1.0,0.0,0.0,0.0,1.0,0.0,0.0,0.0,1.0,0.0,0.0,0.0,0.0,0.0,0.0,0.0,0.0,0.0,0.0,0.0,-6.984716320118265,1.0,0.0,0.0,0.0,1.0,0.0,0.0,0.0,1.0,0.0,0.0,0.0,0.0,0.0,0.0,0.0,0.0,0.0,0.0,0.0,-6.984716320118265,1.0,0.0,0.0,0.0,1.0,0.0,0.0,0.0,1.0,0.0,0.0,0.0,0.0,0.0,0.0,0.0,0.0,0.0,0.0,0.0,-6.984716320118266,1.0,0.0,0.0,0.0,1.0,0.0,0.0,0.0,1.0,0.0,0.0,0.0,0.0,0.0,0.0,0.0,0.0,0.0,0.0,0.0,-6.984716320118266
55,"['Z.atleast', 'Z.exists']","['J(B,B)', 'J(B,B)', 'J(B,B)', 'not_operator(B)', 'not_operator(B)']","['Z.equal(xN,D)', 'Z.equal(xN,D)', 'Z.equal(xN,D)', 'Z.hor_operator(xN,xO,I)']","['colour', 'colour', 'size']",['contact'],-30.541554966917445,"['Z.atleast', 'Z.exists']","['J(B,B)', 'J(B,B)', 'J(B,B)', 'not_operator(B)', 'not_operator(B)']","['Z.equal(xN,D)', 'Z.equal(xN,D)', 'Z.equal(xN,D)', 'Z.hor_operator(xN,xO,I)']","['colour', 'colour', 'size']",['contact'],-30.541554966917445,0.0,0.0,0.0,1.0,0.0,0.0,0.0,3.0,0.0,0.0,0.0,2.0,0.0,0.0,0.0,1.0,0.0,0.0,0.0,5.0,-6.984716320118265,0.0,0.0,0.0,1.0,0.0,0.0,0.0,3.0,0.0,0.0,0.0,2.0,0.0,0.0,0.0,1.0,0.0,0.0,0.0,5.0,-6.984716320118265,2.0,0.0,0.0,0.0,4.0,0.0,0.0,0.0,3.0,0.0,0.0,0.0,1.0,0.0,0.0,0.0,5.0,0.0,0.0,0.0,-30.541554966917445,0.0,0.0,0.0,1.0,0.0,0.0,0.0,3.0,0.0,0.0,0.0,2.0,0.0,0.0,0.0,1.0,0.0,0.0,0.0,4.971,-7.01657607648964,1.0,0.0,0.0,0.0,0.316,0.684,0.0,0.0,1.0,0.0,0.0,0.0,0.0,0.0,0.0,0.0,0.0,0.0,0.029,0.0,-6.984716320118266
56,"['Z.exists', 'Z.exists']","['J(B,B)', 'J(B,B)', 'not_operator(B)', 'not_operator(B)']","['Z.hor_operator(xN,xO,I)', 'Z.equal(xN,D)', 'Z.equal(xN,D)']","['orientation', 'orientation']",['contact'],-23.03359050203463,"['Z.exists', 'Z.exists']","['J(B,B)', 'J(B,B)', 'not_operator(B)', 'not_operator(B)']","['Z.hor_operator(xN,xO,I)', 'Z.equal(xN,D)', 'Z.equal(xN,D)']","['orientation', 'orientation']",['contact'],-23.03359050203463,0.0,0.0,0.0,1.0,0.0,0.0,0.0,2.0,0.0,0.0,0.0,1.0,0.0,0.0,0.0,1.0,0.0,0.0,0.0,4.0,-8.083328608786376,0.0,0.0,0.0,1.0,0.0,0.0,0.0,2.0,0.0,0.0,0.0,1.0,0.0,0.0,0.0,1.0,0.0,0.0,0.0,3.0,-8.371010681238156,1.0,1.0,0.0,0.0,2.0,1.0,0.0,0.0,1.0,1.0,0.0,0.0,1.0,0.0,0.0,0.0,4.0,0.0,0.0,0.0,-23.844520719250962,0.0,0.0,0.0,1.0,0.0,0.0,0.0,2.0,0.0,0.0,0.0,1.0,0.0,0.0,0.0,1.0,0.0,0.0,0.0,3.839,-8.49658192703926,0.0,1.0,0.0,0.0,0.161,0.839,0.0,0.0,0.675,0.325,0.0,0.0,0.0,0.0,0.0,0.0,0.161,0.0,0.0,0.4615,-8.575162385347172
57,"['Z.exists', 'Z.exists', 'Z.exists']","['J(B,B)', 'J(B,B)']","['Z.equal(xN,D)', 'Z.equal(xN,D)', 'Z.equal(xN,D)']","['colour', 'colour', 'colour']",[],-24.537667898810906,"['Z.exists', 'Z.exists', 'Z.exists']","['J(B,B)', 'J(B,B)']","['Z.equal(xN,D)', 'Z.equal(xN,D)', 'Z.equal(xN,D)']","['colour', 'colour', 'colour']",[],-24.537667898810906,0.0,0.0,0.0,2.0,0.0,0.0,0.0,2.0,0.0,0.0,0.0,2.0,0.0,0.0,0.0,0.0,0.0,0.0,0.0,2.0,-9.181940898454485,0.0,0.0,0.0,2.0,0.0,0.0,0.0,2.0,0.0,0.0,0.0,2.0,0.0,0.0,0.0,0.0,0.0,0.0,0.0,2.0,-8.083328608786376,2.0,1.0,0.0,0.0,3.0,0.0,0.0,0.0,3.0,0.0,0.0,0.0,0.0,0.0,0.0,0.0,2.0,0.0,0.0,0.0,-26.734892477147124,0.0,0.0,0.0,2.0,0.0,0.0,0.0,2.0,0.0,0.0,0.0,2.0,0.0,0.0,0.0,0.0,0.0,0.0,0.0,2.0,-8.190443307029016,0.0,1.0,0.0,0.0,0.2295,0.7705,0.0,0.0,0.995,0.005,0.0,0.0,0.0,0.0,0.0,0.0,0.0,0.0,0.0,0.0,-6.984716320118266
58,['Z.atleast'],[],"['Z.equal(xN,D)']",['colour'],[],-9.181940898454485,['Z.atleast'],[],"['Z.equal(xN,D)']",['colour'],[],-9.181940898454485,1.0,0.0,0.0,0.0,0.0,1.0,0.0,0.0,0.0,1.0,0.0,0.0,0.0,0.0,0.0,0.0,0.0,0.0,0.0,0.0,-9.181940898454485,0.0,1.0,0.0,0.0,1.0,0.0,0.0,0.0,0.0,1.0,0.0,0.0,0.0,0.0,0.0,0.0,0.0,0.0,0.0,0.0,-7.272398392570047,1.0,0.0,0.0,0.0,1.0,0.0,0.0,0.0,1.0,0.0,0.0,0.0,0.0,0.0,0.0,0.0,0.0,0.0,0.0,0.0,-9.181940898454485,0.0,1.0,0.0,0.0,1.0,0.0,0.0,0.0,0.6205,0.3795,0.0,0.0,0.0,0.0,0.0,0.0,0.0,0.0,0.0,0.0,-7.081068443773356,1.0,0.0,0.0,0.0,0.971,0.029,0.0,0.0,0.5725,0.4275,0.0,0.0,0.0,0.0,0.0,0.0,0.0,0.0,0.0,0.0,-6.9719441692128585
59,"['Z.exists', 'Z.exists']","['J(B,B)', 'J(B,B)']","['Z.equal(xN,D)', 'Z.equal(xN,D)', 'Z.hor_operator(xN,xO,I)']","['colour', 'colour']",['contact'],-20.26100177979485,"['Z.exists', 'Z.exists']","['J(B,B)', 'J(B,B)']","['Z.equal(xN,D)', 'Z.equal(xN,D)', 'Z.hor_operator(xN,xO,I)']","['colour', 'colour']",['contact'],-20.26100177979485,0.0,0.0,0.0,1.0,0.0,0.0,0.0,2.0,0.0,0.0,0.0,1.0,0.0,0.0,0.0,1.0,0.0,0.0,0.0,2.0,-8.083328608786376,0.0,0.0,0.0,1.0,0.0,0.0,0.0,2.0,0.0,0.0,0.0,1.0,0.0,0.0,0.0,1.0,0.0,0.0,0.0,2.0,-9.181940898454485,2.0,0.0,0.0,0.0,2.0,1.0,0.0,0.0,1.0,1.0,0.0,0.0,1.0,0.0,0.0,0.0,2.0,0.0,0.0,0.0,-19.162389491126742,0.0,0.0,0.0785,0.9215,0.0,0.0,0.0,2.0,0.0,0.0,0.0,1.0,0.0,0.0,0.0,1.0,0.0,0.0,0.0,2.0,-9.272088596721037,0.0,0.0,0.0785,0.9215,0.0,1.0,0.0,0.0,0.0,0.0,1.0,0.0,0.0,0.0,0.0,1.0,0.0,0.0,0.0,0.0,-6.2915691395583195
60,['Z.atleast'],"['J(B,B)']","['Z.equal(xN,D)', 'Z.equal(xN,D)']","['colour', 'size']",[],-15.06804492890464,['Z.atleast'],"['J(B,B)']","['Z.equal(xN,D)', 'Z.equal(xN,D)']","['colour', 'size']",[],-15.06804492890464,0.0,1.0,0.0,0.0,0.0,0.0,0.0,1.0,0.0,0.0,0.0,1.0,0.0,0.0,0.0,0.0,0.0,0.0,0.0,1.0,-6.984716320118265,0.0,1.0,0.0,0.0,0.0,0.0,0.0,1.0,0.0,0.0,0.0,1.0,0.0,0.0,0.0,0.0,0.0,0.0,0.0,1.0,-6.984716320118265,0.0,1.0,0.0,0.0,0.0,2.0,0.0,0.0,1.0,1.0,0.0,0.0,0.0,0.0,0.0,0.0,1.0,0.0,0.0,0.0,-13.969432640236532,0.0,0.9985,0.0015,0.0,0.0,0.0,0.0,1.0,0.0,0.0,0.0,1.0,0.0,0.0,0.0,0.0,0.0,0.0,0.005,0.995,-6.998390082208789,0.7575,0.241,0.0015,0.0,0.1755,0.8245,0.0,0.0,1.0,0.0,0.0,0.0,0.0,0.0,0.0,0.0,0.0,0.0,0.01,0.0,-6.984716320118266
61,"['Z.forall', 'Z.forall']",[],"['Z.equal(xN,xO,G)']",['size'],[],-7.67786350067821,"['Z.forall', 'Z.forall']",[],"['Z.equal(xN,xO,G)']",['size'],[],-7.67786350067821,0.0,0.0,0.0,1.0,0.0,1.0,0.0,0.0,0.0,1.0,0.0,0.0,0.0,0.0,0.0,0.0,0.0,0.0,0.0,0.0,-6.984716320118265,0.0,0.0,0.0,1.0,0.0,1.0,0.0,0.0,0.0,1.0,0.0,0.0,0.0,0.0,0.0,0.0,0.0,0.0,0.0,0.0,-6.579251212010101,2.0,0.0,0.0,0.0,0.0,1.0,0.0,0.0,0.0,0.0,0.0,1.0,0.0,0.0,1.0,0.0,0.0,0.0,0.0,0.0,-6.29156913955832,0.0,0.0,0.0,1.0,0.0,1.0,0.0,0.0,0.0,1.0,0.0,0.0,0.0,0.0,0.0,0.0,0.0,0.0,0.0,0.0,-6.984716320118266,1.0,0.0,0.0,0.0,1.0,0.0,0.0,0.0,1.0,0.0,0.0,0.0,0.0,0.0,0.0,0.0,0.0,0.0,0.0,0.0,-6.984716320118266
62,['Z.forall'],[],"['Z.equal(xN,D)']",['size'],[],-6.984716320118265,['Z.forall'],[],"['Z.equal(xN,D)']",['size'],[],-6.984716320118265,0.0,0.0,1.0,0.0,0.0,1.0,0.0,0.0,0.0,0.0,0.0,1.0,0.0,0.0,1.0,0.0,0.0,0.0,0.0,0.0,-6.29156913955832,0.0,1.0,0.0,0.0,0.0,1.0,0.0,0.0,1.0,0.0,0.0,0.0,0.0,0.0,0.0,0.0,0.0,0.0,0.0,0.0,-8.083328608786376,1.0,0.0,0.0,0.0,0.0,1.0,0.0,0.0,1.0,0.0,0.0,0.0,0.0,0.0,0.0,0.0,0.0,0.0,0.0,0.0,-6.984716320118265,0.0,0.0,1.0,0.0,0.0,1.0,0.0,0.0,0.0,0.0,0.0,1.0,0.0,0.0,1.0,0.0,0.0,0.0,0.0,0.0,-6.2915691395583195,0.0,0.0,1.0,0.0,0.0,1.0,0.0,0.0,0.0,0.0,0.0,1.0,0.0,0.0,1.0,0.0,0.0,0.0,0.0,0.0,-6.984716320118266
63,['Z.exists'],[],"['Z.equal(xN,D)']",['size'],[],-6.984716320118265,['Z.exists'],[],"['Z.equal(xN,D)']",['size'],[],-6.984716320118265,0.0,1.0,0.0,0.0,1.0,0.0,0.0,0.0,0.0,1.0,0.0,0.0,0.0,0.0,0.0,0.0,0.0,0.0,0.0,0.0,-9.181940898454485,0.0,1.0,0.0,0.0,0.0,1.0,0.0,0.0,1.0,0.0,0.0,0.0,0.0,0.0,0.0,0.0,0.0,0.0,0.0,0.0,-8.083328608786376,1.0,0.0,0.0,0.0,1.0,0.0,0.0,0.0,0.0,1.0,0.0,0.0,0.0,0.0,0.0,0.0,0.0,0.0,0.0,0.0,-6.579251212010101,0.0,1.0,0.0,0.0,0.9915,0.0085,0.0,0.0,0.0155,0.9845,0.0,0.0,0.0,0.0,0.0,0.0,0.0,0.0,0.0,0.0,-9.17974367387515,0.0,1.0,0.0,0.0,0.8445,0.1555,0.0,0.0,0.002,0.998,0.0,0.0,0.0,0.0,0.0,0.0,0.0,0.0,0.0,0.002,-9.009992370441509
64,['Z.exists'],"['J(B,B)']","['Z.equal(xN,D)', 'Z.equal(xN,D)']","['colour', 'colour']",[],-13.969432640236532,['Z.exists'],"['J(B,B)']","['Z.equal(xN,D)', 'Z.equal(xN,D)']","['colour', 'colour']",[],-13.969432640236532,1.0,0.0,0.0,0.0,2.0,0.0,0.0,0.0,2.0,0.0,0.0,0.0,0.0,0.0,0.0,0.0,1.0,0.0,0.0,0.0,-13.969432640236532,1.0,0.0,0.0,0.0,2.0,0.0,0.0,0.0,2.0,0.0,0.0,0.0,0.0,0.0,0.0,0.0,1.0,0.0,0.0,0.0,-13.969432640236532,1.0,0.0,0.0,0.0,2.0,0.0,0.0,0.0,2.0,0.0,0.0,0.0,0.0,0.0,0.0,0.0,1.0,0.0,0.0,0.0,-13.969432640236532,1.0,0.0,0.0,0.0,0.0,0.0,0.0,1.0,0.0,0.0,0.0,1.0,0.0,0.0,0.0,0.0,0.0,0.0,0.0,1.0,-6.984716320118266,1.0,0.0,0.0,0.0,0.317,0.683,0.0,0.0,0.0045,0.9955,0.0,0.0,0.0,0.0,0.0,0.0,0.0,0.0,0.0,0.0,-6.986298571516751
65,['Z.exists'],"['J(B,B)']","['Z.equal(xN,D)', 'Z.equal(xN,D)']","['colour', 'colour']",[],-13.969432640236532,['Z.exists'],"['J(B,B)']","['Z.equal(xN,D)', 'Z.equal(xN,D)']","['colour', 'colour']",[],-13.969432640236532,1.0,0.0,0.0,0.0,0.0,0.0,0.0,1.0,0.0,0.0,0.0,1.0,0.0,0.0,0.0,0.0,0.0,0.0,0.0,1.0,-6.984716320118265,1.0,0.0,0.0,0.0,0.0,0.0,0.0,1.0,0.0,0.0,0.0,1.0,0.0,0.0,0.0,0.0,0.0,0.0,0.0,1.0,-6.984716320118265,1.0,0.0,0.0,0.0,0.0,0.0,0.0,1.0,0.0,0.0,0.0,1.0,0.0,0.0,0.0,0.0,0.0,0.0,0.0,1.0,-6.984716320118265,1.0,0.0,0.0,0.0,0.0,0.0,0.0,1.0,0.0,0.0,0.0,1.0,0.0,0.0,0.0,0.0,0.0,0.0,0.0,1.0,-6.984716320118266,0.0505,0.9495,0.0,0.0,0.0505,0.9495,0.0,0.0,0.0505,0.9495,0.0,0.0,0.0,0.0,0.0,0.0,0.0,0.0,0.0,0.0,-8.212964859017713
66,"['Z.exactly', 'Z.exists']","['J(B,B)']","['Z.equal(xN,D)', 'Z.equal(xN,D)']","['colour', 'colour']",[],-17.958416687800806,"['Z.exactly', 'Z.exists']","['J(B,B)']","['Z.equal(xN,D)', 'Z.equal(xN,D)']","['colour', 'colour']",[],-17.958416687800806,0.0,0.0,0.0,1.0,0.0,0.0,0.0,1.0,0.0,0.0,0.0,1.0,0.0,0.0,0.0,0.0,0.0,0.0,0.0,1.0,-7.272398392570047,0.0,0.0,0.0,1.0,0.0,0.0,0.0,1.0,0.0,0.0,0.0,1.0,0.0,0.0,0.0,0.0,0.0,0.0,0.0,1.0,-6.984716320118265,1.0,1.0,0.0,0.0,1.0,1.0,0.0,0.0,1.0,1.0,0.0,0.0,0.0,0.0,0.0,0.0,1.0,0.0,0.0,0.0,-14.662579820796475,0.0,0.0,0.0,1.0,0.0,0.0,0.0,1.0,0.0,0.0,0.0,1.0,0.0,0.0,0.0,0.0,0.0,0.0,0.0,1.0,-7.272398392570043,1.0,0.0,0.0,0.0,1.0,0.0,0.0,0.0,1.0,0.0,0.0,0.0,0.0,0.0,0.0,0.0,0.0,0.0,0.0,0.0,-7.272398392570043
67,"['Z.atleast', 'Z.atleast']","['J(B,B)']","['Z.equal(xN,D)', 'Z.equal(xN,D)']","['colour', 'colour']",[],-20.155641266137025,"['Z.atleast', 'Z.atleast']","['J(B,B)']","['Z.equal(xN,D)', 'Z.equal(xN,D)']","['colour', 'colour']",[],-20.155641266137025,0.0,0.0,0.0,1.0,0.0,0.0,0.0,1.0,0.0,0.0,0.0,1.0,0.0,0.0,0.0,0.0,0.0,0.0,0.0,1.0,-6.984716320118265,0.0,0.0,0.0,1.0,0.0,0.0,0.0,1.0,0.0,0.0,0.0,1.0,0.0,0.0,0.0,0.0,0.0,0.0,0.0,1.0,-6.579251212010101,1.0,1.0,0.0,0.0,2.0,0.0,0.0,0.0,2.0,0.0,0.0,0.0,0.0,0.0,0.0,0.0,1.0,0.0,0.0,0.0,-17.958416687800806,0.0,0.0,0.0,1.0,0.0,0.0,0.0,1.0,0.0,0.0,0.0,1.0,0.0,0.0,0.0,0.0,0.0,0.0,0.0,1.0,-6.984716320118266,0.168,0.832,0.0,0.0,1.0,0.0,0.0,0.0,1.0,0.0,0.0,0.0,0.0,0.0,0.0,0.0,0.0,0.0,0.0,0.0,-8.812807169293999
68,['Z.atleast'],[],"['Z.equal(xN,D)']",['colour'],[],-9.181940898454485,['Z.atleast'],[],"['Z.equal(xN,D)']",['colour'],[],-9.181940898454485,0.0,1.0,0.0,0.0,1.0,0.0,0.0,0.0,1.0,0.0,0.0,0.0,0.0,0.0,0.0,0.0,0.0,0.0,0.0,0.0,-6.984716320118265,0.0,1.0,0.0,0.0,1.0,0.0,0.0,0.0,1.0,0.0,0.0,0.0,0.0,0.0,0.0,0.0,0.0,0.0,0.0,0.0,-6.984716320118265,1.0,0.0,0.0,0.0,1.0,0.0,0.0,0.0,1.0,0.0,0.0,0.0,0.0,0.0,0.0,0.0,0.0,0.0,0.0,0.0,-9.181940898454485,0.0,1.0,0.0,0.0,1.0,0.0,0.0,0.0,1.0,0.0,0.0,0.0,0.0,0.0,0.0,0.0,0.0,0.0,0.0,0.0,-6.984716320118266,1.0,0.0,0.0,0.0,1.0,0.0,0.0,0.0,1.0,0.0,0.0,0.0,0.0,0.0,0.0,0.0,0.0,0.0,0.0,0.0,-6.984716320118266
69,['Z.exactly'],[],"['Z.equal(xN,D)']",['size'],[],-9.181940898454485,['Z.exactly'],[],"['Z.equal(xN,D)']",['size'],[],-9.181940898454485,0.0,1.0,0.0,0.0,1.0,0.0,0.0,0.0,0.0,1.0,0.0,0.0,0.0,0.0,0.0,0.0,0.0,0.0,0.0,0.0,-6.984716320118265,1.0,0.0,0.0,0.0,1.0,0.0,0.0,0.0,0.0,1.0,0.0,0.0,0.0,0.0,0.0,0.0,0.0,0.0,0.0,0.0,-9.181940898454485,1.0,0.0,0.0,0.0,0.0,1.0,0.0,0.0,1.0,0.0,0.0,0.0,0.0,0.0,0.0,0.0,0.0,0.0,0.0,0.0,-8.083328608786376,0.0,1.0,0.0,0.0,1.0,0.0,0.0,0.0,0.0,1.0,0.0,0.0,0.0,0.0,0.0,0.0,0.0,0.0,0.0,0.0,-6.984716320118266,0.6355,0.3645,0.0,0.0,0.829,0.171,0.0,0.0,0.0335,0.9665,0.0,0.0,0.0,0.0,0.0,0.0,0.0,0.0,0.0,0.0015,-7.1175097208606495
70,['Z.atleast'],[],"['Z.equal(xN,D)']",['colour'],[],-9.181940898454485,['Z.atleast'],[],"['Z.equal(xN,D)']",['colour'],[],-9.181940898454485,1.0,0.0,0.0,0.0,1.0,0.0,0.0,0.0,1.0,0.0,0.0,0.0,0.0,0.0,0.0,0.0,0.0,0.0,0.0,0.0,-9.181940898454485,0.0,1.0,0.0,0.0,0.0,1.0,0.0,0.0,0.0,1.0,0.0,0.0,0.0,0.0,0.0,0.0,0.0,0.0,0.0,0.0,-8.083328608786376,1.0,0.0,0.0,0.0,1.0,0.0,0.0,0.0,1.0,0.0,0.0,0.0,0.0,0.0,0.0,0.0,0.0,0.0,0.0,0.0,-9.181940898454485,1.0,0.0,0.0,0.0,1.0,0.0,0.0,0.0,1.0,0.0,0.0,0.0,0.0,0.0,0.0,0.0,0.0,0.0,0.0,0.0,-9.181940898454485,0.0,1.0,0.0,0.0,1.0,0.0,0.0,0.0,1.0,0.0,0.0,0.0,0.0,0.0,0.0,0.0,0.0,0.0,0.0,0.0,-9.181940898454485
71,['Z.atleast'],[],"['Z.equal(xN,D)']",['colour'],[],-9.181940898454485,['Z.atleast'],[],"['Z.equal(xN,D)']",['colour'],[],-9.181940898454485,0.0,1.0,0.0,0.0,0.0,1.0,0.0,0.0,0.0,1.0,0.0,0.0,0.0,0.0,0.0,0.0,0.0,0.0,0.0,0.0,-6.984716320118265,0.0,1.0,0.0,0.0,1.0,0.0,0.0,0.0,1.0,0.0,0.0,0.0,0.0,0.0,0.0,0.0,0.0,0.0,0.0,0.0,-9.181940898454485,0.0,1.0,0.0,0.0,0.0,1.0,0.0,0.0,0.0,1.0,0.0,0.0,0.0,0.0,0.0,0.0,0.0,0.0,0.0,0.0,-6.984716320118265,0.0,1.0,0.0,0.0,0.177,0.823,0.0,0.0,0.0,1.0,0.0,0.0,0.0,0.0,0.0,0.0,0.0,0.0,0.0,0.0,-6.984716320118266,0.0855,0.8835,0.0,0.031,0.5245,0.4755,0.0,0.0,0.9665,0.0335,0.0,0.0,0.0,0.0,0.0,0.0,0.0,0.0,0.0,0.0,-7.03052970106974
72,['Z.atleast'],"['J(B,B)']","['Z.equal(xN,D)', 'Z.equal(xN,D)']","['colour', 'size']",[],-15.06804492890464,['Z.atleast'],"['J(B,B)']","['Z.equal(xN,D)', 'Z.equal(xN,D)']","['colour', 'size']",[],-15.06804492890464,1.0,0.0,0.0,0.0,0.0,0.0,0.0,1.0,0.0,0.0,0.0,1.0,0.0,0.0,0.0,0.0,0.0,0.0,0.0,1.0,-9.181940898454485,0.0,1.0,0.0,0.0,0.0,0.0,0.0,1.0,0.0,0.0,0.0,1.0,0.0,0.0,0.0,0.0,0.0,0.0,0.0,1.0,-9.181940898454485,1.0,0.0,0.0,0.0,2.0,0.0,0.0,0.0,2.0,0.0,0.0,0.0,0.0,0.0,0.0,0.0,1.0,0.0,0.0,0.0,-15.06804492890464,0.0,1.0,0.0,0.0,0.0,0.0,0.0,1.0,0.0,0.0,0.0,1.0,0.0,0.0,0.0,0.0,0.0,0.0,0.0,1.0,-9.181940898454485,0.0,0.9565,0.0,0.044,0.5615,0.4385,0.0,0.0,0.2755,0.7015,0.023,0.0,0.0,0.0,0.0,0.023,0.0,0.0,0.0,0.0065,-7.926828984966874
73,['Z.atleast'],[],"['Z.equal(xN,D)']",['size'],[],-8.083328608786376,['Z.atleast'],[],"['Z.equal(xN,D)']",['size'],[],-8.083328608786376,0.0,1.0,0.0,0.0,0.0,1.0,0.0,0.0,1.0,0.0,0.0,0.0,0.0,0.0,0.0,0.0,0.0,0.0,0.0,0.0,-6.984716320118265,0.0,1.0,0.0,0.0,1.0,0.0,0.0,0.0,0.0,1.0,0.0,0.0,0.0,0.0,0.0,0.0,0.0,0.0,0.0,0.0,-9.181940898454485,1.0,0.0,0.0,0.0,1.0,0.0,0.0,0.0,1.0,0.0,0.0,0.0,0.0,0.0,0.0,0.0,0.0,0.0,0.0,0.0,-8.083328608786376,0.0,1.0,0.0,0.0,0.0,0.0,1.0,0.0,0.0,0.0,1.0,0.0,0.0,0.0,0.0,0.0,0.0,0.0,1.0,0.0,-13.969432640236532,0.0,1.0,0.0,0.0,0.0,0.0,1.0,0.0,0.0,0.0,1.0,0.0,0.0,0.0,0.0,0.0,0.0,0.0,1.0,0.0,-6.984716320118266
74,['Z.atleast'],[],"['Z.equal(xN,D)']",['colour'],[],-9.181940898454485,['Z.atleast'],[],"['Z.equal(xN,D)']",['colour'],[],-9.181940898454485,0.0,1.0,0.0,0.0,1.0,0.0,0.0,0.0,1.0,0.0,0.0,0.0,0.0,0.0,0.0,0.0,0.0,0.0,0.0,0.0,-9.181940898454485,0.0,1.0,0.0,0.0,1.0,0.0,0.0,0.0,1.0,0.0,0.0,0.0,0.0,0.0,0.0,0.0,0.0,0.0,0.0,0.0,-6.984716320118265,0.0,1.0,0.0,0.0,0.0,1.0,0.0,0.0,0.0,1.0,0.0,0.0,0.0,0.0,0.0,0.0,0.0,0.0,0.0,0.0,-6.984716320118265,0.0,1.0,0.0,0.0,1.0,0.0,0.0,0.0,1.0,0.0,0.0,0.0,0.0,0.0,0.0,0.0,0.0,0.0,0.0,0.0,-6.984716320118266,0.112,0.888,0.0,0.0,1.0,0.0,0.0,0.0,1.0,0.0,0.0,0.0,0.0,0.0,0.0,0.0,0.0,0.0,0.0,0.0,-8.935851745680827
75,['Z.exactly'],"['J(B,B)', 'not_operator(B)']","['Z.equal(xN,D)', 'Z.equal(xN,D)']","['colour', 'orientation']",[],-17.552951579692643,['Z.atleast'],"['J(B,B)', 'not_operator(B)']","['Z.equal(xN,D)', 'Z.equal(xN,D)']","['colour', 'orientation']",[],-17.552951579692643,0.0,1.0,0.0,0.0,0.0,0.0,0.0,1.0,0.0,0.0,0.0,1.0,0.0,0.0,0.0,0.0,0.0,0.0,0.0,2.0,-7.272398392570047,0.0,1.0,0.0,0.0,0.0,0.0,0.0,1.0,0.0,0.0,0.0,1.0,0.0,0.0,0.0,0.0,0.0,0.0,0.0,2.0,-8.083328608786376,1.0,0.0,0.0,0.0,2.0,0.0,0.0,0.0,1.0,1.0,0.0,0.0,0.0,0.0,0.0,0.0,2.0,0.0,0.0,0.0,-17.552951579692643,0.0,1.0,0.0,0.0,0.0,0.0,0.0,1.0,0.0,0.0,0.0,1.0,0.0,0.0,0.0,0.0,0.0,0.0,0.0,2.0,-7.272398392570043,0.171,0.0,0.0,0.829,1.0,0.0,0.0,0.0,1.0,0.0,0.0,0.0,0.0,0.0,0.0,0.0,0.0,0.0,0.0,0.829,-9.668516579865965
76,['Z.atleast'],[],"['Z.equal(xN,D)']",['colour'],[],-9.181940898454485,['Z.atleast'],[],"['Z.equal(xN,D)']",['colour'],[],-9.181940898454485,0.0,1.0,0.0,0.0,1.0,0.0,0.0,0.0,1.0,0.0,0.0,0.0,0.0,0.0,0.0,0.0,0.0,0.0,0.0,0.0,-6.984716320118265,0.0,1.0,0.0,0.0,0.0,1.0,0.0,0.0,0.0,1.0,0.0,0.0,0.0,0.0,0.0,0.0,0.0,0.0,0.0,0.0,-6.984716320118265,1.0,0.0,0.0,0.0,1.0,0.0,0.0,0.0,1.0,0.0,0.0,0.0,0.0,0.0,0.0,0.0,0.0,0.0,0.0,0.0,-9.181940898454485,0.0,1.0,0.0,0.0,1.0,0.0,0.0,0.0,1.0,0.0,0.0,0.0,0.0,0.0,0.0,0.0,0.0,0.0,0.0,0.0,-6.984716320118266,1.0,0.0,0.0,0.0,1.0,0.0,0.0,0.0,1.0,0.0,0.0,0.0,0.0,0.0,0.0,0.0,0.0,0.0,0.0,0.0,-6.984716320118266
77,"['Z.exists', 'Z.exists', 'Z.exists']","['J(B,B)', 'J(B,B)']","['Z.equal(xN,D)', 'Z.equal(xN,D)', 'Z.equal(xN,D)']","['colour', 'colour', 'colour']",[],-24.537667898810906,"['Z.exists', 'Z.exists', 'Z.exists']","['J(B,B)', 'J(B,B)']","['Z.equal(xN,D)', 'Z.equal(xN,D)', 'Z.equal(xN,D)']","['colour', 'colour', 'colour']",[],-24.537667898810906,0.0,0.0,0.0,2.0,0.0,0.0,0.0,2.0,0.0,0.0,0.0,2.0,0.0,0.0,0.0,0.0,0.0,0.0,0.0,2.0,-6.984716320118265,0.0,0.0,0.0,2.0,0.0,0.0,0.0,2.0,0.0,0.0,0.0,2.0,0.0,0.0,0.0,0.0,0.0,0.0,0.0,2.0,-8.083328608786376,3.0,0.0,0.0,0.0,3.0,0.0,0.0,0.0,3.0,0.0,0.0,0.0,0.0,0.0,0.0,0.0,2.0,0.0,0.0,0.0,-24.537667898810906,0.0,0.0,0.0,2.0,0.0,0.0,0.0,2.0,0.0,0.0,0.0,2.0,0.0,0.0,0.0,0.0,0.0,0.0,0.0,2.0,-6.984716320118266,0.294,0.706,0.0,0.0,0.9935,0.0065,0.0,0.0,0.9225,0.0775,0.0,0.0,0.0,0.0,0.0,0.0,0.0,0.0,0.0,0.0,-8.553119296218966
78,['Z.exists'],[],"['Z.equal(xN,D)']",['colour'],[],-6.984716320118265,['Z.exists'],[],"['Z.equal(xN,D)']",['colour'],[],-6.984716320118265,1.0,0.0,0.0,0.0,1.0,0.0,0.0,0.0,1.0,0.0,0.0,0.0,0.0,0.0,0.0,0.0,0.0,0.0,0.0,0.0,-6.984716320118265,0.0,1.0,0.0,0.0,0.0,1.0,0.0,0.0,0.0,1.0,0.0,0.0,0.0,0.0,0.0,0.0,0.0,0.0,0.0,0.0,-8.083328608786376,1.0,0.0,0.0,0.0,1.0,0.0,0.0,0.0,1.0,0.0,0.0,0.0,0.0,0.0,0.0,0.0,0.0,0.0,0.0,0.0,-6.984716320118265,1.0,0.0,0.0,0.0,1.0,0.0,0.0,0.0,1.0,0.0,0.0,0.0,0.0,0.0,0.0,0.0,0.0,0.0,0.0,0.0,-6.984716320118266,1.0,0.0,0.0,0.0,0.999,0.001,0.0,0.0,0.9985,0.0015,0.0,0.0,0.0,0.0,0.0,0.0,0.0,0.0,0.0,0.0,-6.984860161154491
79,"['Z.forall', 'Z.forall']",['not_operator(B)'],"['Z.equal(xN,xO,G)']",['colour'],[],-8.776475789346321,"['Z.forall', 'Z.forall']",['not_operator(B)'],"['Z.equal(xN,xO,G)']",['colour'],[],-8.776475789346321,2.0,0.0,0.0,0.0,1.0,0.0,0.0,0.0,1.0,0.0,0.0,0.0,0.0,0.0,0.0,0.0,1.0,0.0,0.0,0.0,-8.776475789346321,2.0,0.0,0.0,0.0,1.0,0.0,0.0,0.0,1.0,0.0,0.0,0.0,0.0,0.0,0.0,0.0,1.0,0.0,0.0,0.0,-8.776475789346321,2.0,0.0,0.0,0.0,1.0,0.0,0.0,0.0,1.0,0.0,0.0,0.0,0.0,0.0,0.0,0.0,1.0,0.0,0.0,0.0,-8.776475789346321,0.0,0.0,0.0,1.0,0.0,1.0,0.0,0.0,0.0,1.0,0.0,0.0,0.0,0.0,0.0,0.0,0.0,0.0,0.0,1.0,-8.110872090034286,0.0,0.9925,0.0,0.0075,0.4865,0.5135,0.0,0.0,0.747,0.253,0.0,0.0,0.0,0.0,0.0,0.0,0.0,0.0,0.0,0.0,-6.951197693540951
80,['Z.exists'],"['J(B,B)']","['Z.equal(xN,D)', 'Z.equal(xN,D)']","['colour', 'size']",[],-13.969432640236532,['Z.exists'],"['J(B,B)']","['Z.equal(xN,D)', 'Z.equal(xN,D)']","['colour', 'size']",[],-13.969432640236532,0.0,0.0,1.0,0.0,0.0,0.0,0.0,1.0,0.0,0.0,0.0,2.0,0.0,0.0,1.0,0.0,0.0,1.0,0.0,0.0,-7.3901814282264295,0.0,1.0,0.0,0.0,0.0,0.0,0.0,1.0,0.0,0.0,0.0,1.0,0.0,0.0,0.0,0.0,0.0,0.0,0.0,1.0,-6.984716320118265,1.0,0.0,0.0,0.0,1.0,1.0,0.0,0.0,1.0,1.0,0.0,0.0,0.0,0.0,0.0,0.0,0.0,0.0,1.0,0.0,-15.06804492890464,0.8955,0.1045,0.0,0.0,0.0,0.0,0.0,1.0,0.0,0.0,0.0,1.0,0.0,0.0,0.0,0.0,0.0,0.0,0.0,1.0,-6.958418935542876,0.0,1.0,0.0,0.0,0.494,0.506,0.0,0.0,0.895,0.105,0.0,0.0,0.0,0.0,0.0,0.0,0.0,0.0,0.0,0.0,-8.085525833365711
81,"['Z.forall', 'Z.forall']",['not_operator(B)'],"['Z.hor_operator(xN,xO,I)']",[],['contact'],-7.3901814282264295,"['Z.forall', 'Z.forall']",['not_operator(B)'],"['Z.hor_operator(xN,xO,I)']",[],['contact'],-7.3901814282264295,0.0,0.0,0.0,1.0,0.0,1.0,0.0,0.0,0.0,0.0,1.0,0.0,0.0,0.0,0.0,1.0,0.0,0.0,0.0,1.0,-9.181940898454485,0.0,0.0,0.0,1.0,0.0,1.0,0.0,0.0,0.0,0.0,1.0,0.0,0.0,0.0,0.0,1.0,0.0,0.0,0.0,1.0,-8.77647579034632,2.0,0.0,0.0,0.0,0.0,1.0,0.0,0.0,0.0,0.0,1.0,0.0,0.0,0.0,0.0,1.0,1.0,0.0,0.0,0.0,-8.776475789346321,0.0,0.0,0.0,1.0,0.0,1.0,0.0,0.0,0.0,0.0,1.0,0.0,0.0,0.0,0.0,1.0,0.0,0.0,0.0,1.0,-9.181940898454485,0.0,0.0,0.0,1.0,0.0,1.0,0.0,0.0,0.0,0.0,1.0,0.0,0.0,0.0,0.0,1.0,0.0,0.0,0.0,1.0,-7.390181428226428
