,room,token_id,rule_name,rule_description,prior,posterior,prior_accuracy,posterior_accuracy,prior_feedback,posterior_feedback,label_init,label_rev,,init_c,rev_c,,init_u,rev_u,,init_o,rev_o,,d_init,d_rev,,n_init,n_rev,
0,p3GmbED9fU,MtEvu0o0rASdzj0RAAAB,Kappa,at least one is blue AND small,"[False, False, True, False, False, False, False, False]","[False, True, False, True, False, False, False, False]",0.625,0.75,I think that the small blue cone aids in the kappa waves radiation. I think there must be at least one small blue cone  standing up in order to emit the radiation.,I believe that the small blue cone standing up is what help emit the radiation. The cone on its side does not have the same affect.,o,o,,0,0,,0,0,,1,1,,0,0,,0,0,
1,p3GmbED9fU,MtEvu0o0rASdzj0RAAAB,Omega,all are blue OR small,"[False, True, False, True, False, True, True, False]","[False, True, False, True, False, True, True, False]",0.5,0.5,The medium blue triangle is what makes the omega waves,I believe the medium blue triangle emits the radiation,d,d,,0,0,,0,0,,0,0,,1,1,,0,0,
2,p3GmbED9fU,MtEvu0o0rASdzj0RAAAB,Zeta,there is a red,"[True, True, True, True, False, False, False, False]","[True, True, True, True, False, False, False, False]",1,1,Any red triangle will generate the radiation,Any red triangle will generate the radiation,c,c,,1,1,,0,0,,0,0,,0,0,,0,0,
3,p3GmbED9fU,MtEvu0o0rASdzj0RAAAB,Iota,one is blue,"[True, True, True, True, True, True, True, False]","[True, True, True, True, True, True, True, False]",0.625,0.625,Any blue triangle will emit the radiation,Any blue triangle will make the radiation emit.,u,u,,0,0,,1,1,,0,0,,0,0,,0,0,
4,p3GmbED9fU,MtEvu0o0rASdzj0RAAAB,Upsilon,none are upright,"[True, True, False, True, False, False, True, False]","[True, True, False, True, False, False, True, False]",0.75,0.75,It must contain a medium or small red triangle and the other color triangles cannot be standing.,must contain small or medium red triangle and other color triangle cannot be standing,d,d,,0,0,,0,0,,0,0,,1,1,,0,0,
5,p3GmbED9fU,2EKEeW5nXgfElliSAAAC,Kappa,at least one is blue AND small,"[False, False, True, False, False, False, False, False]","[False, False, True, False, False, False, False, False]",0.625,0.625,There must be at least 2 purple cones 3 standing at least as well,There must be at least 5 cones standing of green purple or red some can be contained inside.,d,d,,0,0,,0,0,,0,0,,1,1,,0,0,
6,p3GmbED9fU,2EKEeW5nXgfElliSAAAC,Omega,all are blue OR small,"[False, True, False, False, False, False, False, False]","[False, False, False, False, True, False, False, False]",0.625,0.375,must contain at least 2 green 3 at most 1 purple at least 2 at most,There must be at least 3 standing cones and no more than 4 of red green or purple,d,d,,0,0,,0,0,,0,0,,1,1,,0,0,
7,p3GmbED9fU,2EKEeW5nXgfElliSAAAC,Zeta,there is a red,"[False, False, False, False, False, False, True, False]","[True, False, True, False, False, False, False, False]",0.375,0.75,must contain 3 objects standing or not at least one of each color,Must contain at least one red obect and no more than 5 uncertain of the other requirements,d,o,,0,0,,0,0,,0,1,,1,0,,0,0,
8,p3GmbED9fU,2EKEeW5nXgfElliSAAAC,Iota,one is blue,"[False, True, True, False, False, False, False, False]","[False, False, False, True, False, False, False, False]",0.75,0.625,Must contain at least one medium sized cone but no more than 4 ,Must contain at least one small cone up to four no more than 2 large or 4 total,d,d,,0,0,,0,0,,0,0,,1,1,,0,0,
9,p3GmbED9fU,2EKEeW5nXgfElliSAAAC,Upsilon,none are upright,"[False, True, False, False, False, False, False, True]","[False, False, True, False, False, False, False, False]",0.5,0.625,This one I have no idea what the rule is no more than 3 objects. ,There must be at least one object but no more than 3,d,d,,0,0,,0,0,,0,0,,1,1,,0,0,
10,BtpIWWhmd0,M13t0_SqWkkfwBKJAAAG,Iota,one is blue,"[True, True, False, True, False, False, False, False]","[False, False, True, False, False, True, False, True]",0.875,0.375,They are must be similar.,They are at most possible.,n,n,,0,0,,0,0,,0,0,,0,0,,1,1,
11,BtpIWWhmd0,M13t0_SqWkkfwBKJAAAG,Kappa,at least one is blue AND small,"[False, True, True, True, False, True, False, False]","[True, False, False, False, False, False, True, True]",0.75,0.375,That are must be same.,They are most equally,n,n,,0,0,,0,0,,0,0,,0,0,,1,1,
12,BtpIWWhmd0,M13t0_SqWkkfwBKJAAAG,Zeta,there is a red,"[True, False, False, False, False, False, True, True]","[False, True, False, True, False, True, False, False]",0.375,0.625,They are most simple.,They are most similar.,n,n,,0,0,,0,0,,0,0,,0,0,,1,1,
13,BtpIWWhmd0,M13t0_SqWkkfwBKJAAAG,Upsilon,none are upright,"[True, True, False, True, False, False, False, False]","[False, False, False, False, True, True, True, False]",0.875,0.125,They are mostly not accurate,They are more similar,n,n,,0,0,,0,0,,0,0,,0,0,,1,1,
14,BtpIWWhmd0,M13t0_SqWkkfwBKJAAAG,Omega,all are blue OR small,"[False, False, False, True, True, True, False, False]","[True, True, False, False, False, False, False, True]",0.375,0.625,They are at most repeated,They are most related.,n,n,,0,0,,0,0,,0,0,,0,0,,1,1,
15,BtpIWWhmd0,r7iNHo-YDufvj4ttAAAF,Iota,one is blue,"[True, True, False, False, True, False, True, False]","[False, False, True, False, False, False, False, True]",0.5,0.5,"A blue or red triangle must be at an angle. 
There can be a green in any position
Red can be in any position","There does not have to be all three colors.
Blue must present
Red can be in any position",d,d,,0,0,,0,0,,0,0,,1,1,,0,0,
16,BtpIWWhmd0,r7iNHo-YDufvj4ttAAAF,Kappa,at least one is blue AND small,"[False, True, False, False, True, False, False, True]","[False, False, True, False, False, False, True, False]",0.375,0.5,"Red does not need to be present
Varying sizes are acceptable","As few as three are allowed
There should be a green",d,d,,0,0,,0,0,,0,0,,1,1,,0,0,
17,BtpIWWhmd0,r7iNHo-YDufvj4ttAAAF,Zeta,there is a red,"[True, True, True, True, False, False, False, False]","[True, True, True, True, False, False, False, False]",1,1,"There must be at least one red
There can be exactly one red in total.",There must be at least one red,c,c,,1,1,,0,0,,0,0,,0,0,,0,0,
18,BtpIWWhmd0,r7iNHo-YDufvj4ttAAAF,Upsilon,none are upright,"[True, True, True, True, False, True, False, True]","[True, True, True, True, False, True, False, True]",0.75,0.75,"Red should be on its side
There can be as few as 2 red",Red must be on a side and not standing straight,d,d,,0,0,,0,0,,0,0,,1,1,,0,0,
19,BtpIWWhmd0,r7iNHo-YDufvj4ttAAAF,Omega,all are blue OR small,"[False, False, True, False, True, True, True, False]","[False, True, True, True, True, True, True, False]",0.25,0.5,"There does not have to be a red
You can have all blue",There can be only blue,d,d,,0,0,,0,0,,0,0,,1,1,,0,0,
20,U1zleaHAX3,E1SpkGS9NTgV8u12AAAR,Omega,all are blue OR small,"[False, False, False, False, True, False, False, False]","[False, False, False, True, False, False, False, False]",0.375,0.625,There is at least two smaller cones.,There is at least two smaller cones.,d,d,,0,0,,0,0,,0,0,,1,1,,0,0,
21,U1zleaHAX3,E1SpkGS9NTgV8u12AAAR,Upsilon,none are upright,"[False, False, False, True, False, False, False, False]","[False, False, False, True, False, False, False, False]",0.625,0.625,There must be at most three slanting cones.,There must at least three slanting cones.,o,o,,0,0,,0,0,,1,1,,0,0,,0,0,
22,U1zleaHAX3,E1SpkGS9NTgV8u12AAAR,Kappa,at least one is blue AND small,"[True, False, False, False, False, False, False, False]","[True, False, False, False, False, False, False, False]",0.625,0.625,There is at least a mixture of big and small cones.,There is at least one big and small cone.,d,d,,0,0,,0,0,,0,0,,1,1,,0,0,
23,U1zleaHAX3,E1SpkGS9NTgV8u12AAAR,Iota,one is blue,"[False, False, False, False, False, False, True, False]","[False, False, False, False, False, False, True, False]",0.375,0.375,"There is at least a mixture of red, blue and green cones.","There is at least a mixture of red, blue and green cones.",n,n,,0,0,,0,0,,0,0,,0,0,,1,1,
24,U1zleaHAX3,E1SpkGS9NTgV8u12AAAR,Zeta,there is a red,"[True, False, False, False, False, False, False, False]","[True, False, False, False, False, False, False, False]",0.625,0.625,There is at least a mixture of both red and green cones.,There is at least a mixture of both red and green cones.,o,o,,0,0,,0,0,,1,1,,0,0,,0,0,
25,U1zleaHAX3,ijO29Ey-fm1vE_ApAAAQ,Omega,all are blue OR small,"[False, True, False, True, False, False, False, False]","[False, True, False, False, False, False, False, False]",0.75,0.625,"There must be at least one blue cone, and it must be the largest object present; there must also be no red cones present.","There must be at least one blue cone present, and it must be the single largest cone present; there cannot be any red cones present. Orientation of the blue cone doesn't appear to matter.",u,u,,0,0,,1,1,,0,0,,0,0,,0,0,
26,U1zleaHAX3,ijO29Ey-fm1vE_ApAAAQ,Upsilon,none are upright,"[True, True, True, True, False, False, False, False]","[True, True, True, True, False, False, False, False]",1,1,"There must not be any upright cones present; color and size don't appear to matter, so long as this orientation requirement is met.","There must not be a single cone present that is upright. So long as this orientation is met, color, size, and number of cones doesn't appear to matter.",c,c,,1,1,,0,0,,0,0,,0,0,,0,0,
27,U1zleaHAX3,ijO29Ey-fm1vE_ApAAAQ,Kappa,at least one is blue AND small,"[True, True, True, True, False, False, False, False]","[True, False, True, False, False, False, False, False]",1,0.75,"There must be at least two blue cones present. The presence of other colors/sizes/orientations doesn't appear to matter, but it MIGHT need to be one small blue cone with one medium blue cone.","There must be at least two blue cones present, possibly needing to include at least one small-sized and one medium-sized. Other colors and sizes don't appear to matter. A possible variation is that at least two blue cones of the same orientation must be present.",o,o,,0,0,,0,0,,1,1,,0,0,,0,0,
28,U1zleaHAX3,ijO29Ey-fm1vE_ApAAAQ,Iota,one is blue,"[True, False, False, True, True, True, False, True]","[True, False, False, False, False, True, False, True]",0.375,0.375,"There must be at least two cones present that are upright, one of which must be red.","There must be at least three cones present, with at least one of them being red. The majority of the cones possibly need to have a similar orientation to the red cone.",d,d,,0,0,,0,0,,0,0,,1,1,,0,0,
29,U1zleaHAX3,ijO29Ey-fm1vE_ApAAAQ,Zeta,there is a red,"[False, False, False, False, True, False, True, True]","[True, False, False, False, True, False, True, True]",0.125,0.25,"One cone must be stacked or nestled within another. The color of the nested cones doesn't matter, nor does the size, but they may need to both be upright.","There can be at least one pair of cones that are stacked or nested within eachother. If at least one red cone is present, this rule can be disregarded. Other colors, sizes, or orientations don't appear to matter.",d,d,,0,0,,0,0,,0,0,,1,1,,0,0,
30,zOFxssGifq,xJIHTzH_6xnTxFlRAAAa,Kappa,at least one is blue AND small,"[False, True, False, False, False, False, False, False]","[False, False, True, True, True, True, False, False]",0.625,0.5,There must be at least one green cone on top of either a blue or green smaller cone. ," A green cone on top of a blue cone, a small blue cone on its side, at least two blue cones together.",d,d,,0,0,,0,0,,0,0,,1,1,,0,0,
31,zOFxssGifq,xJIHTzH_6xnTxFlRAAAa,Zeta,there is a red,"[True, True, True, True, True, True, False, True]","[True, True, True, False, False, False, False, True]",0.625,0.75,Any cone on its side.,Any cone on its side. Any red cone on its own. ,d,o,,0,0,,0,0,,0,1,,1,0,,0,0,
32,zOFxssGifq,xJIHTzH_6xnTxFlRAAAa,Omega,all are blue OR small,"[False, True, False, False, False, False, False, False]","[True, True, False, False, False, False, False, False]",0.625,0.75,Any small blue or green cone stacked.,Any small cone alone except for red. ,d,d,,0,0,,0,0,,0,0,,1,1,,0,0,
33,zOFxssGifq,xJIHTzH_6xnTxFlRAAAa,Iota,one is blue,"[True, True, False, True, False, True, True, False]","[False, True, False, True, False, True, True, False]",0.625,0.5,Any blue or green cone with less than two red cones and are not stacked. ,Any blue cone thats on its side. One of each color cone. ,d,d,,0,0,,0,0,,0,0,,1,1,,0,0,
34,zOFxssGifq,xJIHTzH_6xnTxFlRAAAa,Upsilon,none are upright,"[True, True, True, True, False, False, False, False]","[True, True, True, True, False, False, False, False]",1,1,Any cone on its side. Cannot have any cones standing upright. ,Any cone on its side. Cannot have any cones standing upright. ,c,c,,1,1,,0,0,,0,0,,0,0,,0,0,
35,zOFxssGifq,VpvPjmHNp4f3c7RjAAAZ,Kappa,at least one is blue AND small,"[True, True, True, True, False, False, False, False]","[True, True, True, True, False, False, False, False]",1,1,There must be at least one small blue cone in any orientation or position.,There must be at least one small blue cone in any orientation or position.,c,c,,1,1,,0,0,,0,0,,0,0,,0,0,
36,zOFxssGifq,VpvPjmHNp4f3c7RjAAAZ,Zeta,there is a red,"[True, True, True, True, False, False, False, False]","[True, True, True, True, False, False, False, False]",1,1,There must be at least one red cone of any size in any orientation or position.,There must be at least 1 red cone of any size in any position or orientation.,c,c,,1,1,,0,0,,0,0,,0,0,,0,0,
37,zOFxssGifq,VpvPjmHNp4f3c7RjAAAZ,Omega,all are blue OR small,"[False, True, True, True, True, True, True, False]","[False, True, False, False, False, False, False, False]",0.5,0.625,There must be either a small green cone or a blue cone of any size.  These can be in any position or orientation.,"There must be either a small green cone or a blue cone of any size in any orientation or position, but there can be no red cones.",d,d,,0,0,,0,0,,0,0,,1,1,,0,0,
38,zOFxssGifq,VpvPjmHNp4f3c7RjAAAZ,Iota,one is blue,"[True, True, True, True, True, True, True, False]","[True, True, True, True, False, False, False, False]",0.625,1,There must be at least 1 blue cone of any size in any position or orientation.,There must be one and only one blue cone of any size in any orientation or position.,u,c,,0,1,,1,0,,0,0,,0,0,,0,0,
39,zOFxssGifq,VpvPjmHNp4f3c7RjAAAZ,Upsilon,none are upright,"[True, True, True, True, True, True, False, True]","[True, True, True, True, False, True, False, True]",0.625,0.75,There must be a red cone of any size on its side in any position,"There must be a red cone of any size on its side in any position, but there also can not be any upright red cones.",d,o,,0,0,,0,0,,0,1,,1,0,,0,0,
40,9FM5oWrm4Q,OmBy4yvY2pfWQmDgAAAK,Upsilon,none are upright,"[True, True, True, True, False, False, False, False]","[True, True, True, True, False, False, False, False]",1,1,None of the cones can be sitting upright.,None of the cones can be sitting upright.,c,c,,1,1,,0,0,,0,0,,0,0,,0,0,
41,9FM5oWrm4Q,OmBy4yvY2pfWQmDgAAAK,Omega,all are blue OR small,"[False, False, False, False, False, True, False, False]","[False, False, False, False, False, True, False, False]",0.375,0.375,There has to be one blue cone and two green cones. The green cones have to be small. One of the green cones has to touch the blue cone.,There has to be one blue cone and two green ones. The green ones have to be small.,d,d,,0,0,,0,0,,0,0,,1,1,,0,0,
42,9FM5oWrm4Q,OmBy4yvY2pfWQmDgAAAK,Iota,one is blue,"[True, True, True, False, False, False, True, False]","[True, True, True, False, False, False, True, False]",0.75,0.75,There has to be at least one of each color.,There has to be at least one of each color.,d,d,,0,0,,0,0,,0,0,,1,1,,0,0,
43,9FM5oWrm4Q,OmBy4yvY2pfWQmDgAAAK,Kappa,at least one is blue AND small,"[False, False, False, False, False, True, False, True]","[False, True, False, True, False, False, False, False]",0.25,0.75,I can't think of a rule.,Blue must be the smallest.,n,d,,0,0,,0,0,,0,0,,0,1,,1,0,
44,9FM5oWrm4Q,OmBy4yvY2pfWQmDgAAAK,Zeta,there is a red,"[False, False, False, False, False, False, True, True]","[True, True, True, False, False, False, False, False]",0.25,0.875,A green cone but be covering another cone.,There must be at least one green and a red cone present.,d,o,,0,0,,0,0,,0,1,,1,0,,0,0,
45,9FM5oWrm4Q,qqrRkUjR9e24cK98AAAJ,Upsilon,none are upright,"[True, False, False, False, False, False, False, False]","[False, False, False, False, True, False, False, True]",0.625,0.25,The red cone in size and stacked on each other plus blue cone on side far away from red conea.,Looking at his configurations he got some to emit radiation.  Large red cones next to each other with green or blue smaller cones nearby but not touching.,d,d,,0,0,,0,0,,0,0,,1,1,,0,0,
46,9FM5oWrm4Q,qqrRkUjR9e24cK98AAAJ,Omega,all are blue OR small,"[False, False, False, True, False, False, True, False]","[False, False, True, False, False, False, False, False]",0.5,0.625,I mainly believe large blue cones with small green and red cones will emit radiation ,I believe all large blue cones with green cones of smaller size will emit and deals small red cones near by will too.,d,d,,0,0,,0,0,,0,0,,1,1,,0,0,
47,9FM5oWrm4Q,qqrRkUjR9e24cK98AAAJ,Iota,one is blue,"[True, False, False, False, True, False, False, False]","[False, False, False, False, False, False, False, True]",0.5,0.375,large red cone with any other color smaller cone will emit.,Large red cone with smaller cones of different colors arranged any which way.,d,d,,0,0,,0,0,,0,0,,1,1,,0,0,
48,9FM5oWrm4Q,qqrRkUjR9e24cK98AAAJ,Kappa,at least one is blue AND small,"[True, True, True, True, False, False, False, False]","[False, False, False, True, False, False, False, False]",1,0.625,Small blue cone with any other size and color cone,can not think of anymore,c,c,,1,1,,0,0,,0,0,,0,0,,0,0,
49,9FM5oWrm4Q,qqrRkUjR9e24cK98AAAJ,Zeta,there is a red,"[True, True, True, False, False, False, False, False]","[False, False, True, False, False, False, False, False]",0.875,0.625,Any red and green cone sized cones will emit along with midsized blue cone with any color and size cones like red and green,can't think of anymore,o,o,,0,0,,0,0,,1,1,,0,0,,0,0,
50,n816L8nJZL,S1Rl8ZLjGuV9clZWAAAM,Upsilon,none are upright,"[False, False, False, False, True, False, True, True]","[True, False, False, True, False, False, False, False]",0.125,0.75,There needs to be at least two large red cones.,There must be at least two large red cones.,d,d,,0,0,,0,0,,0,0,,1,1,,0,0,
51,n816L8nJZL,S1Rl8ZLjGuV9clZWAAAM,Kappa,at least one is blue AND small,"[True, False, True, False, False, False, False, False]","[False, False, False, True, False, False, False, False]",0.75,0.625,There must be two blue cones.,There must be at least two blue cones.,d,d,,0,0,,0,0,,0,0,,1,1,,0,0,
52,n816L8nJZL,S1Rl8ZLjGuV9clZWAAAM,Zeta,there is a red,"[True, True, False, False, False, False, False, False]","[False, False, True, False, False, False, False, False]",0.75,0.625,There must be one red cone.,There must be one medium red cone,o,o,,0,0,,0,0,,1,1,,0,0,,0,0,
53,n816L8nJZL,S1Rl8ZLjGuV9clZWAAAM,Omega,all are blue OR small,"[False, False, False, False, False, True, False, False]","[False, True, False, False, False, False, False, False]",0.375,0.625,There must be two small green cones.,I cannot think of any rule that could be true.,d,n,,0,0,,0,0,,0,0,,1,0,,0,1,
54,n816L8nJZL,S1Rl8ZLjGuV9clZWAAAM,Iota,one is blue,"[True, True, False, False, False, False, False, False]","[False, False, False, False, False, True, True, False]",0.75,0.25,I cannot think of any rule to be true.,Cannot think of any rule that would be true.,n,n,,0,0,,0,0,,0,0,,0,0,,1,1,
55,n816L8nJZL,rn_VRK5iLPgev9f8AAAN,Upsilon,none are upright,"[True, False, True, False, True, False, False, False]","[False, True, False, False, True, False, False, False]",0.625,0.5,"I think the rule that applies is that the large red cone needs to be  touching the smaller one.
Also you should know this set-op was malfunctioning, here is a screenshot: https://imgur.com/blcBxe6
I couldn't click on the game at all. 
I emailed you and got no response, no I refreshed and this is what I got. Now the game is very small, I could barely make out what it is, here is another screenshot: 
https://imgur.com/X2hd2S9",I believe  large red cone needs to be  touching the smaller one. Also there has to be another cone of a different color nearby.,d,d,,0,0,,0,0,,0,0,,1,1,,0,0,
56,n816L8nJZL,rn_VRK5iLPgev9f8AAAN,Kappa,at least one is blue AND small,"[False, False, False, True, True, False, False, True]","[True, False, False, False, False, False, False, False]",0.375,0.625,I think the rule that applies is that there has to be 2 blue cones along with at least one green.,There has got to be at least one red cone in addition to one large green cone.,d,d,,0,0,,0,0,,0,0,,1,1,,0,0,
57,n816L8nJZL,rn_VRK5iLPgev9f8AAAN,Zeta,there is a red,"[True, True, True, True, False, False, False, False]","[False, False, True, False, True, False, False, False]",1,0.5,"There has got to be at least one red cone, also one small cone of another color.","There has got to be at least one red BIG cone, also one small cone of another color.",o,o,,0,0,,0,0,,1,1,,0,0,,0,0,
58,n816L8nJZL,rn_VRK5iLPgev9f8AAAN,Omega,all are blue OR small,"[False, True, False, True, False, False, True, False]","[False, False, False, False, False, True, False, False]",0.625,0.375,"There has got to be at least one big blue cone, also one small cone of another color.","There has got to be at least one big blue cone, and one small cone of the same or a different color, they also must be standing.",d,d,,0,0,,0,0,,0,0,,1,1,,0,0,
59,n816L8nJZL,rn_VRK5iLPgev9f8AAAN,Iota,one is blue,"[False, True, False, False, True, True, True, False]","[True, False, False, False, False, False, False, False]",0.25,0.625,"There has got to be at least one red cone, also one small blue cone.","There has got to be at least one red cone, also one small blue cone. Also the red cone must be large and other cones must be smaller.",d,d,,0,0,,0,0,,0,0,,1,1,,0,0,
60,mi47ypacNU,kHHm-H0mTQUFgweSAAAP,Omega,all are blue OR small,"[False, False, False, True, False, False, False, False]","[False, False, False, True, False, False, False, False]",0.625,0.625,There must be at least one blue cone and there must not be a green cone of medium or larger,There must be at least one blue cone and no green cone can be larger than small.,d,d,,0,0,,0,0,,0,0,,1,1,,0,0,
61,mi47ypacNU,kHHm-H0mTQUFgweSAAAP,Zeta,there is a red,"[True, True, True, True, False, False, False, False]","[True, True, True, True, False, False, False, False]",1,1,There must be at least one red cone,There must be at least one red cone,c,c,,1,1,,0,0,,0,0,,0,0,,0,0,
62,mi47ypacNU,kHHm-H0mTQUFgweSAAAP,Iota,one is blue,"[True, True, True, False, True, True, True, False]","[True, True, True, False, False, False, True, False]",0.5,0.75,At least two cones of different colors must be touching,There must be a green cone.,d,d,,0,0,,0,0,,0,0,,1,1,,0,0,
63,mi47ypacNU,kHHm-H0mTQUFgweSAAAP,Kappa,at least one is blue AND small,"[True, True, False, False, False, False, False, False]","[True, True, True, False, False, False, False, False]",0.75,0.875,A small cone must be in a large one of the same color,A large cone and a small cone must be touching and no other cones must be present.,d,d,,0,0,,0,0,,0,0,,1,1,,0,0,
64,mi47ypacNU,kHHm-H0mTQUFgweSAAAP,Upsilon,none are upright,"[True, True, True, True, False, False, False, False]","[True, True, True, True, False, False, False, False]",1,1,No cone must be mostly upright,No cones can be facing upwards,c,c,,1,1,,0,0,,0,0,,0,0,,0,0,
65,mi47ypacNU,6gZy2DmjWY9DADshAAAO,Omega,all are blue OR small,"[False, False, False, True, False, False, False, False]","[False, False, True, False, False, False, True, False]",0.625,0.5,Maybe there must be one medium blue cone and small cones of a different color?,I have no idea...all my ideas were disproved ,d,n,,0,0,,0,0,,0,0,,1,0,,0,1,
66,mi47ypacNU,6gZy2DmjWY9DADshAAAO,Zeta,there is a red,"[True, True, True, True, False, False, False, False]","[True, True, True, True, False, False, False, False]",1,1,There must be at least one red cone.,There must be at least one red cone.,c,c,,1,1,,0,0,,0,0,,0,0,,0,0,
67,mi47ypacNU,6gZy2DmjWY9DADshAAAO,Iota,one is blue,"[False, False, False, True, False, False, False, False]","[False, False, False, True, False, False, False, False]",0.625,0.625,There must be at least 2 cones and there can only be one cone of each color.,There must be at least 2 cones but there cannot be more than one cone of any given color.,d,d,,0,0,,0,0,,0,0,,1,1,,0,0,
68,mi47ypacNU,6gZy2DmjWY9DADshAAAO,Kappa,at least one is blue AND small,"[False, False, True, False, False, False, False, False]","[True, True, False, True, False, False, False, False]",0.625,0.875,I am honestly not sure,There must be at least one small blue cone?,n,c,,0,1,,0,0,,0,0,,0,0,,1,0,
69,mi47ypacNU,6gZy2DmjWY9DADshAAAO,Upsilon,none are upright,"[False, False, False, False, False, False, False, True]","[True, True, True, True, False, False, False, False]",0.375,1,"There must be a red cone (or cones) on the left and a blue cone (or cones) on the right, and the red cones mustn't be the same size as the blue ones.",There must be no upward facing cones.,d,c,,0,1,,0,0,,0,0,,1,0,,0,0,
70,spw4MmLRO4,JT7ZAB7dPEXbWM9KAAAF,Iota,one is blue,"[False, False, False, True, True, True, False, False]","[False, False, False, True, True, True, True, False]",0.375,0.25,If the number of blue cones outweighs the number of other colored cones.  Orientation does not matter.,"I still think my original assumption is true.  There is certainly more to it than what I said, though.",d,d,,0,0,,0,0,,0,0,,1,1,,0,0,
71,spw4MmLRO4,JT7ZAB7dPEXbWM9KAAAF,Kappa,at least one is blue AND small,"[False, True, False, True, False, True, True, False]","[False, True, True, False, True, False, False, False]",0.5,0.625,I am not sure on this one.  The only consistency I had was the medium green and blue together.,I went with the green and blue touching each other being the cause of radiation.,d,d,,0,0,,0,0,,0,0,,1,1,,0,0,
72,spw4MmLRO4,JT7ZAB7dPEXbWM9KAAAF,Upsilon,none are upright,"[False, False, True, False, False, False, False, False]","[False, False, True, False, False, False, False, False]",0.625,0.625,"Red making contact makes radiation, but any other colors present will negate it.","Red touching each other will emit, but if any other colors are present it will not.",d,d,,0,0,,0,0,,0,0,,1,1,,0,0,
73,spw4MmLRO4,JT7ZAB7dPEXbWM9KAAAF,Omega,all are blue OR small,"[False, True, False, False, False, False, False, False]","[False, True, False, False, False, False, False, False]",0.625,0.625,Blue by itself emits radiation,"Blue alone emits radation, no other color can be present",u,u,,0,0,,1,1,,0,0,,0,0,,0,0,
74,spw4MmLRO4,JT7ZAB7dPEXbWM9KAAAF,Zeta,there is a red,"[True, True, True, True, False, False, False, False]","[True, True, True, True, False, False, False, False]",1,1,If red is present it will emit radiation,Red is present = radiation,c,c,,1,1,,0,0,,0,0,,0,0,,0,0,
75,spw4MmLRO4,qTHpztkVBSdBm_UZAAAE,Iota,one is blue,"[True, True, True, False, False, False, True, False]","[True, True, True, True, False, False, True, False]",0.75,0.875,There must be one cone of each color.,There must be one of each color.,d,d,,0,0,,0,0,,0,0,,1,1,,0,0,
76,spw4MmLRO4,qTHpztkVBSdBm_UZAAAE,Kappa,at least one is blue AND small,"[True, True, True, True, False, False, False, False]","[True, True, True, True, False, False, False, False]",1,1,There must be at least one small blue cone.,There must be at least one small blue cone.,c,c,,1,1,,0,0,,0,0,,0,0,,0,0,
77,spw4MmLRO4,qTHpztkVBSdBm_UZAAAE,Upsilon,none are upright,"[True, False, False, True, False, True, False, True]","[False, False, True, False, False, False, False, True]",0.5,0.5,There must be a big red cone.,There must be big red cone.,d,d,,0,0,,0,0,,0,0,,1,1,,0,0,
78,spw4MmLRO4,qTHpztkVBSdBm_UZAAAE,Omega,all are blue OR small,"[False, True, False, True, False, False, False, False]","[False, True, False, True, False, False, False, False]",0.75,0.75,There must be one big blue cone.,There must be one big blue cone.,d,d,,0,0,,0,0,,0,0,,1,1,,0,0,
79,spw4MmLRO4,qTHpztkVBSdBm_UZAAAE,Zeta,there is a red,"[False, True, False, True, False, False, False, False]","[True, True, True, True, False, False, False, False]",0.75,1,There must be a big red cone.,There must be red cone.,o,c,,0,1,,0,0,,1,0,,0,0,,0,0,
80,fMxwrGzBgz,J2g8DxowwOB-gkR8AAAM,Kappa,at least one is blue AND small,"[True, True, True, True, False, False, False, False]","[True, True, True, True, False, False, False, False]",1,1,There must be more than one blue cone in the arrangement.,There must be at least two blue cones in the arrangement.,u,d,,0,0,,1,0,,0,0,,0,1,,0,0,
81,fMxwrGzBgz,J2g8DxowwOB-gkR8AAAM,Iota,one is blue,"[False, True, False, False, False, False, False, False]","[False, True, True, False, False, False, False, False]",0.625,0.75,"There must be an equal number of red and blue cones and if there are more than one of each, they must face the same direction.",There must be blue and red cones but the cones can only be in different directions if they have a partner cone of the same color.,d,d,,0,0,,0,0,,0,0,,1,1,,0,0,
82,fMxwrGzBgz,J2g8DxowwOB-gkR8AAAM,Zeta,there is a red,"[True, True, False, True, False, True, True, True]","[True, True, True, True, False, False, False, False]",0.5,1,Cones of the same color cannot face more than two different directions.,A red cone must be present in the arrangement..,d,c,,0,1,,0,0,,0,0,,1,0,,0,0,
83,fMxwrGzBgz,J2g8DxowwOB-gkR8AAAM,Omega,all are blue OR small,"[False, True, False, False, False, False, False, False]","[False, True, False, False, False, False, False, False]",0.625,0.625,There cannot be any red cones and there cannot be more than five cones.,There cannot be any red cones.,d,d,,0,0,,0,0,,0,0,,1,1,,0,0,
84,fMxwrGzBgz,J2g8DxowwOB-gkR8AAAM,Upsilon,none are upright,"[True, True, True, True, False, False, False, False]","[True, True, True, True, False, False, False, False]",1,1,No cones can be upright in this arrangement.,No cones can be upright in this arrangement.,c,c,,1,1,,0,0,,0,0,,0,0,,0,0,
85,fMxwrGzBgz,d9VaYpby-V6K-PGgAAAN,Kappa,at least one is blue AND small,"[False, False, False, False, True, True, False, True]","[False, True, True, False, True, True, False, True]",0.125,0.375,The placement of the cones and the color are what make the sequence emit radiation. Also the size of the cones is important. There must be at least two green and two purple cones one large and one small in each color to emit radiation.,There always needs to be present a blue and green cone to emit radiation. Both sizes large and small should be present. ,n,n,,0,0,,0,0,,0,0,,0,0,,1,1,
86,fMxwrGzBgz,d9VaYpby-V6K-PGgAAAN,Iota,one is blue,"[True, True, True, False, False, False, True, False]","[True, True, True, False, False, False, True, False]",0.75,0.75,"The size of the cones don't matter as long as all the colors, blue, green and red are present. But the green cone can't be on top of the blue cone to emit radiation.",All colors must be present. The size of the cones doesn't make a difference. The positioning only makes a difference in the placement of the green cone.,n,n,,0,0,,0,0,,0,0,,0,0,,1,1,
87,fMxwrGzBgz,d9VaYpby-V6K-PGgAAAN,Zeta,there is a red,"[True, True, True, True, False, False, False, False]","[True, True, True, True, False, False, False, False]",1,1,All color combinations work except for blue and green.  You always have to have a red cone present to emit radiation. It doesn't matter the size or position.,I can't think of any other rules than what I wrote previously. ,c,c,,1,1,,0,0,,0,0,,0,0,,0,0,
88,fMxwrGzBgz,d9VaYpby-V6K-PGgAAAN,Omega,all are blue OR small,"[False, False, False, True, False, False, False, False]","[False, False, False, True, False, False, False, False]",0.625,0.625,To emit radiation there has to be a small green and a blue present. It can be a large blue of one or more.,The rule is that red can not be present to emit radiation. It has to be a combination of blue and green cones. Two of the cones have to be small ones.,d,d,,0,0,,0,0,,0,0,,1,1,,0,0,
89,fMxwrGzBgz,d9VaYpby-V6K-PGgAAAN,Upsilon,none are upright,"[False, False, False, False, False, False, False, True]","[False, False, False, False, False, False, False, True]",0.375,0.375,I think the rule is that only red and blue cones can be present to emit radiation. The blue cone has to be small.,I can't think of any more to the rule than I previously wrote. The color combination must be blue and green.,d,d,,0,0,,0,0,,0,0,,1,1,,0,0,
90,Ps0SdvfhCU,UoeEYonMQNivhGsyAAAG,Upsilon,none are upright,"[True, True, True, True, False, False, False, False]","[True, True, True, True, False, False, False, False]",1,1,Any cone that is on its side. Can have multiple or stacked cones as long as they are all on the side. ,Any cone or cones on their side. There cannot be any cones standing up. ,o,c,,0,1,,0,0,,1,0,,0,0,,0,0,
91,Ps0SdvfhCU,UoeEYonMQNivhGsyAAAG,Iota,one is blue,"[False, True, True, False, True, False, True, False]","[False, True, False, False, True, True, True, False]",0.5,0.25,There must be at least one cone upright and one cone on its side.,There must be at least one cone upright and one cone on it's side.,d,d,,0,0,,0,0,,0,0,,1,1,,0,0,
92,Ps0SdvfhCU,UoeEYonMQNivhGsyAAAG,Kappa,at least one is blue AND small,"[True, True, True, True, True, True, False, True]","[True, True, True, True, True, True, False, True]",0.625,0.625,There must be at least one blue cone present.,Any blue cone except the largest one must be present.,d,d,,0,0,,0,0,,0,0,,1,1,,0,0,
93,Ps0SdvfhCU,UoeEYonMQNivhGsyAAAG,Omega,all are blue OR small,"[False, True, True, True, False, True, False, False]","[False, True, True, True, False, True, False, False]",0.75,0.75,I am not sure of a rule. ,I am not sure of any of the rules. ,n,n,,0,0,,0,0,,0,0,,0,0,,1,1,
94,Ps0SdvfhCU,UoeEYonMQNivhGsyAAAG,Zeta,there is a red,"[True, True, True, True, False, False, False, False]","[True, True, True, True, False, False, False, False]",1,1,There must be at least one red cone present.,There must be at least one red cone present. ,c,c,,1,1,,0,0,,0,0,,0,0,,0,0,
95,Ps0SdvfhCU,bvS2n6FpsWwYieCFAAAF,Upsilon,none are upright,"[True, False, True, True, False, True, False, False]","[False, False, True, False, False, True, False, True]",0.75,0.375,At least 2 cones are not upright,There is at least one sideways cone not touching another color,d,d,,0,0,,0,0,,0,0,,1,1,,0,0,
96,Ps0SdvfhCU,bvS2n6FpsWwYieCFAAAF,Iota,one is blue,"[False, False, True, False, True, True, True, False]","[False, True, True, False, False, False, True, False]",0.25,0.625,"There are at least 2 cones of the same size, and at least two cones of different color are touching",There are at least two two cones and at least one is on its side,d,d,,0,0,,0,0,,0,0,,1,1,,0,0,
97,Ps0SdvfhCU,bvS2n6FpsWwYieCFAAAF,Kappa,at least one is blue AND small,"[False, False, True, True, False, False, False, False]","[True, True, True, True, False, False, False, False]",0.75,1,there is at least one small cone that is upright,there is at least one small blue cone,u,c,,0,1,,1,0,,0,0,,0,0,,0,0,
98,Ps0SdvfhCU,bvS2n6FpsWwYieCFAAAF,Omega,all are blue OR small,"[False, False, False, True, False, True, False, False]","[False, False, True, False, False, True, False, False]",0.5,0.5,There is exactly one blue cone larger than all of the other cones,There is exactly one upright blue cone,d,d,,0,0,,0,0,,0,0,,1,1,,0,0,
99,Ps0SdvfhCU,bvS2n6FpsWwYieCFAAAF,Zeta,there is a red,"[True, True, True, True, False, False, False, False]","[True, True, True, True, False, False, False, False]",1,1,There is at least one red cone,There is at least one red cone,c,c,,1,1,,0,0,,0,0,,0,0,,0,0,
100,PKL94C0J8G,uE7nz-KzP32pZvFkAAAM,Zeta,there is a red,"[True, True, False, True, True, True, False, True]","[True, True, False, True, True, True, False, True]",0.5,0.5,perfectly landing and align correctly to emit radiation,perfect to land and arrange to emit,n,n,,0,0,,0,0,,0,0,,0,0,,1,1,
101,PKL94C0J8G,uE7nz-KzP32pZvFkAAAM,Upsilon,none are upright,"[False, True, False, True, False, False, False, False]","[False, True, False, True, False, False, False, False]",0.75,0.75,not perfectly match the emit radiation,Not perfectly matched,n,n,,0,0,,0,0,,0,0,,0,0,,1,1,
102,PKL94C0J8G,uE7nz-KzP32pZvFkAAAM,Iota,one is blue,"[False, False, False, False, False, True, False, False]","[False, False, False, True, False, False, False, False]",0.375,0.625,perfectly matched,perfectly match,n,n,,0,0,,0,0,,0,0,,0,0,,1,1,
103,PKL94C0J8G,uE7nz-KzP32pZvFkAAAM,Omega,all are blue OR small,"[False, False, False, False, True, False, False, False]","[True, False, False, False, False, False, False, False]",0.375,0.625,not perfectly match,not perfect match,n,n,,0,0,,0,0,,0,0,,0,0,,1,1,
104,PKL94C0J8G,uE7nz-KzP32pZvFkAAAM,Kappa,at least one is blue AND small,"[False, False, True, False, False, False, False, False]","[False, False, True, False, False, False, False, False]",0.625,0.625,perfectly matched,perfectly matched,n,n,,0,0,,0,0,,0,0,,0,0,,1,1,
105,PKL94C0J8G,2PSNytKkwqU4wHbjAAAN,Zeta,there is a red,"[False, False, False, False, False, False, True, False]","[False, False, False, False, False, False, False, True]",0.375,0.375,There is exactly one Big size and medium size cube is needed,There are at most cubes also possible to emit waves.,d,d,,0,0,,0,0,,0,0,,1,1,,0,0,
106,PKL94C0J8G,2PSNytKkwqU4wHbjAAAN,Upsilon,none are upright,"[False, False, False, False, False, False, True, False]","[False, False, False, False, True, False, False, False]",0.375,0.375,There must be atmost minimum of 3 cubes needed,There must be at least one cube need to incline with another,d,d,,0,0,,0,0,,0,0,,1,1,,0,0,
107,PKL94C0J8G,2PSNytKkwqU4wHbjAAAN,Iota,one is blue,"[False, False, False, False, True, False, False, False]","[False, False, False, False, False, True, False, False]",0.375,0.375,There must be atleast one cone will be incline with another,There is exactly one is incline with another,d,d,,0,0,,0,0,,0,0,,1,1,,0,0,
108,PKL94C0J8G,2PSNytKkwqU4wHbjAAAN,Omega,all are blue OR small,"[False, False, False, False, False, True, False, False]","[False, False, False, True, False, False, False, False]",0.375,0.625,There must be one Large blue cone is needed,There must be atleast needed one blue cone,u,u,,0,0,,1,1,,0,0,,0,0,,0,0,
109,PKL94C0J8G,2PSNytKkwqU4wHbjAAAN,Kappa,at least one is blue AND small,"[True, False, False, False, False, False, True, False]","[False, False, True, False, False, False, False, False]",0.5,0.625,There exactly green and blue cone is needed,There must be small cone is available in side of big cone and medium size cones need to be pasted beside of this two coe arrangements,d,d,,0,0,,0,0,,0,0,,1,1,,0,0,
110,OFO4BbvtZU,m9nbP0jLatypuGK7AAAU,Zeta,there is a red,"[False, False, False, False, False, True, False, False]","[False, False, False, False, False, True, False, False]",0.375,0.375,Perfectly matched arrangements,Perfectly matched arrangements,n,n,,0,0,,0,0,,0,0,,0,0,,1,1,
111,OFO4BbvtZU,m9nbP0jLatypuGK7AAAU,Omega,all are blue OR small,"[True, False, False, False, False, False, False, False]","[True, False, False, False, False, False, False, False]",0.625,0.625,Perfectly matched arrangements,Perfectly matched arrangements,n,n,,0,0,,0,0,,0,0,,0,0,,1,1,
112,OFO4BbvtZU,m9nbP0jLatypuGK7AAAU,Iota,one is blue,"[False, False, False, True, False, False, False, False]","[False, False, False, True, False, False, False, False]",0.625,0.625,Perfectly matched arrangements,Perfectly matched arrangements,n,n,,0,0,,0,0,,0,0,,0,0,,1,1,
113,OFO4BbvtZU,m9nbP0jLatypuGK7AAAU,Kappa,at least one is blue AND small,"[False, False, False, True, False, False, False, False]","[False, False, False, True, False, False, False, False]",0.625,0.625,Perfectly matched arrangements,Perfectly matched arrangements,n,n,,0,0,,0,0,,0,0,,0,0,,1,1,
114,OFO4BbvtZU,m9nbP0jLatypuGK7AAAU,Upsilon,none are upright,"[False, False, False, False, False, False, False, True]","[False, False, False, False, False, False, False, True]",0.375,0.375,Perfectly matched arrangements,Perfectly matched arrangements,n,n,,0,0,,0,0,,0,0,,0,0,,1,1,
115,OFO4BbvtZU,Ea3CVUwVovU8FL6dAAAV,Zeta,there is a red,"[True, True, True, True, False, True, False, False]","[True, True, True, True, False, False, False, False]",0.875,1,There must be at least one red triangle on the scene to emit radiation. ,There must be at least one red triangle on the scene in order to emit radiation. ,c,c,,1,1,,0,0,,0,0,,0,0,,0,0,
116,OFO4BbvtZU,Ea3CVUwVovU8FL6dAAAV,Omega,all are blue OR small,"[False, False, False, True, True, False, False, False]","[False, False, False, True, True, False, False, False]",0.5,0.5,There needs to be at least one small green triangle in order to emit radiation. ,There needs to be at least one small green triangle in order to emit radiation. ,d,d,,0,0,,0,0,,0,0,,1,1,,0,0,
117,OFO4BbvtZU,Ea3CVUwVovU8FL6dAAAV,Iota,one is blue,"[False, False, True, True, False, False, True, True]","[True, True, True, True, False, False, True, False]",0.5,0.875,There must be at least one green or blue triangle on the stage in an upright position. ,There needs to be at least one green or red triangle in an upright position. ,d,d,,0,0,,0,0,,0,0,,1,1,,0,0,
118,OFO4BbvtZU,Ea3CVUwVovU8FL6dAAAV,Kappa,at least one is blue AND small,"[True, False, True, False, False, False, False, False]","[True, False, True, False, False, False, False, False]",0.75,0.75,There must be at least two blue triangles of two different shapes on the scene. ,There must be at least two blue triangles of two different sizes. ,d,d,,0,0,,0,0,,0,0,,1,1,,0,0,
119,OFO4BbvtZU,Ea3CVUwVovU8FL6dAAAV,Upsilon,none are upright,"[True, False, True, True, False, False, False, False]","[True, True, False, False, False, False, True, False]",0.875,0.625,There needs to be at least two red triangles that their planes are facing different directions.,There needs to be at least two red triangles facing in the same direction on the scene.,d,d,,0,0,,0,0,,0,0,,1,1,,0,0,
120,HsWUa1IiOe,mbxlKAX3Apq5f1McAAAD,Kappa,at least one is blue AND small,"[False, False, False, False, False, False, True, False]","[False, False, True, False, False, False, False, False]",0.375,0.625,Just trying to put different colors and sized together to see if they will emit radiation or not.,green and purple cones of two different sizes placed in a vertical position,n,n,,0,0,,0,0,,0,0,,0,0,,1,1,
121,HsWUa1IiOe,mbxlKAX3Apq5f1McAAAD,Upsilon,none are upright,"[False, False, False, False, False, False, False, True]","[False, False, True, False, False, False, False, False]",0.375,0.625,it seems to be a combination of red and purple cones either configured same colors together or combined with each other.,colors of red and purple combinations without regard to size with cones touching,d,d,,0,0,,0,0,,0,0,,1,1,,0,0,
122,HsWUa1IiOe,mbxlKAX3Apq5f1McAAAD,Omega,all are blue OR small,"[False, True, False, False, False, False, False, False]","[False, False, False, False, False, True, False, False]",0.625,0.375,green cones inside of or touching purple cones seems to emit radiation but must be different sizes,the green cones need to be touching a purple cone in order for there to be radiation emitted.,d,d,,0,0,,0,0,,0,0,,1,1,,0,0,
123,HsWUa1IiOe,mbxlKAX3Apq5f1McAAAD,Zeta,there is a red,"[True, False, False, False, False, False, False, False]","[True, False, False, False, False, False, False, False]",0.625,0.625,it is obvious that the red and green in almost any combination works but a red cone and a green cone must be touching in one of the combinations,at least one red and green cone must be touching.  size of the cone does not matter.,o,o,,0,0,,0,0,,1,1,,0,0,,0,0,
124,HsWUa1IiOe,mbxlKAX3Apq5f1McAAAD,Iota,one is blue,"[False, True, False, False, False, False, False, False]","[False, True, False, False, False, False, False, False]",0.625,0.625,red and purple cones can be touching but green can be touching or stand alone.  red and green  by themselves do not emit radiation without purple,red and purple cones must have at least one set touching. Green cones can be touching or stand alone.,d,d,,0,0,,0,0,,0,0,,1,1,,0,0,
125,HsWUa1IiOe,plYxmbQkBrz0OYG7AAAC,Kappa,at least one is blue AND small,"[True, True, True, False, False, True, False, False]","[True, True, True, False, False, True, False, False]",0.75,0.75,There must be at least two big and two small cones in order to emit radiation. The orientation does not matter. ,There must be at least two big and two small cones in order to emit radiation. Orientation does not matter. ,d,d,,0,0,,0,0,,0,0,,1,1,,0,0,
126,HsWUa1IiOe,plYxmbQkBrz0OYG7AAAC,Upsilon,none are upright,"[True, True, True, True, True, False, False, False]","[True, True, True, True, False, False, False, False]",0.875,1,At least two cones need to be lying sideways and touching each other. The size and arrangement does not matter. ,At least two cones need to be lying sideways and touching each other and there cannot be any vertical cones. The size does not matter. ,u,o,,0,0,,1,0,,0,1,,0,0,,0,0,
127,HsWUa1IiOe,plYxmbQkBrz0OYG7AAAC,Omega,all are blue OR small,"[False, False, True, True, False, True, True, False]","[False, False, True, True, False, True, True, False]",0.5,0.5,There needs to be at least one blue cone and two small cones to emit radiation. ,There needs to be at least one blue cone and two other cones to emit radiation. ,d,d,,0,0,,0,0,,0,0,,1,1,,0,0,
128,HsWUa1IiOe,plYxmbQkBrz0OYG7AAAC,Zeta,there is a red,"[True, True, True, True, False, False, False, False]","[True, True, True, True, False, False, False, False]",1,1,There must be a red cone to emit radiation. ,There needs to be at least one red cone to emit radiation. ,c,c,,1,1,,0,0,,0,0,,0,0,,0,0,
129,HsWUa1IiOe,plYxmbQkBrz0OYG7AAAC,Iota,one is blue,"[True, True, True, False, False, False, True, False]","[True, True, True, False, False, False, True, False]",0.75,0.75,There must be at least one green cone and a minimum of three cones to emit radiation. ,There must be at least one green cone and a minimum of three cones to emit radiation. ,d,d,,0,0,,0,0,,0,0,,1,1,,0,0,
130,Mx3jNAmq0L,KXmzl5-eGL_6YNxDAAAH,Iota,one is blue,"[True, True, True, True, True, True, True, False]","[True, True, True, True, True, True, True, False]",0.625,0.625,A blue cone must be present.,There must be a blue cone present.,u,u,,0,0,,1,1,,0,0,,0,0,,0,0,
131,Mx3jNAmq0L,KXmzl5-eGL_6YNxDAAAH,Omega,all are blue OR small,"[False, False, False, True, True, False, False, False]","[False, False, False, True, True, False, False, False]",0.5,0.5,A small green cone must be present.,A small green cone must be present.,d,d,,0,0,,0,0,,0,0,,1,1,,0,0,
132,Mx3jNAmq0L,KXmzl5-eGL_6YNxDAAAH,Kappa,at least one is blue AND small,"[True, True, True, True, False, False, False, False]","[True, True, True, True, True, True, False, True]",1,0.625,At least one small blue triangle must be present.,There must be at least two objects and one of them needs to be a blue triangle.,c,d,,1,0,,0,0,,0,0,,0,1,,0,0,
133,Mx3jNAmq0L,KXmzl5-eGL_6YNxDAAAH,Zeta,there is a red,"[True, True, True, True, False, False, False, False]","[True, True, True, True, False, False, False, False]",1,1,There must be at least one red triangle present.,At least one red cone must be present.,c,c,,1,1,,0,0,,0,0,,0,0,,0,0,
134,Mx3jNAmq0L,KXmzl5-eGL_6YNxDAAAH,Upsilon,none are upright,"[True, True, True, True, False, False, False, False]","[True, True, True, True, False, False, False, False]",1,1,None of the cones can point upward. ,There cannot be any cones facing upward.,c,c,,1,1,,0,0,,0,0,,0,0,,0,0,
135,Mx3jNAmq0L,t87OKoupac3tspxNAAAG,Iota,one is blue,"[False, False, False, False, False, False, True, False]","[False, True, False, False, False, False, False, False]",0.375,0.625,Blue and red must be the only colors touching.,Ony different colors can be touching,d,d,,0,0,,0,0,,0,0,,1,1,,0,0,
136,Mx3jNAmq0L,t87OKoupac3tspxNAAAG,Omega,all are blue OR small,"[False, False, False, False, False, True, False, False]","[False, False, False, True, False, True, True, False]",0.375,0.375,The largest triangle present is a medium blue triangle.,The largest triangle is a medium blue triangle.,d,d,,0,0,,0,0,,0,0,,1,1,,0,0,
137,Mx3jNAmq0L,t87OKoupac3tspxNAAAG,Kappa,at least one is blue AND small,"[True, True, True, True, True, True, False, True]","[False, False, True, False, True, True, False, True]",0.625,0.25,A blue triangle must be present,There must be at least 1 blue triangle.,u,u,,0,0,,1,1,,0,0,,0,0,,0,0,
138,Mx3jNAmq0L,t87OKoupac3tspxNAAAG,Zeta,there is a red,"[True, False, False, False, False, False, False, False]","[True, False, False, False, False, False, False, False]",0.625,0.625,I can't think of any rules,I can't think of any rules.,n,n,,0,0,,0,0,,0,0,,0,0,,1,1,
139,Mx3jNAmq0L,t87OKoupac3tspxNAAAG,Upsilon,none are upright,"[True, True, True, True, False, False, False, False]","[True, True, True, True, False, False, False, False]",1,1,None of the triangles can be upright,None of the triangles can be upright.,c,c,,1,1,,0,0,,0,0,,0,0,,0,0,
140,VE7jVmxDRi,VGhYt_ONT__ElPblAAAK,Omega,all are blue OR small,"[False, False, False, False, False, False, True, False]","[False, True, False, False, False, True, True, True]",0.375,0.25,I cannot figure out what is causing the radiation.,There must be either one blue and no greens or multiple greens and no blue.,n,d,,0,0,,0,0,,0,0,,0,1,,1,0,
141,VE7jVmxDRi,VGhYt_ONT__ElPblAAAK,Iota,one is blue,"[True, True, True, True, True, True, True, False]","[True, True, True, True, True, True, True, False]",0.625,0.625,There must be atleast one blue.,There must be atleast one blue.,u,u,,0,0,,1,1,,0,0,,0,0,,0,0,
142,VE7jVmxDRi,VGhYt_ONT__ElPblAAAK,Kappa,at least one is blue AND small,"[False, True, True, False, False, False, False, False]","[False, False, False, True, False, False, False, False]",0.75,0.625,Must be same number of blue and green with green being larger than blue.,Must be either one blue or more green then blue,d,d,,0,0,,0,0,,0,0,,1,1,,0,0,
143,VE7jVmxDRi,VGhYt_ONT__ElPblAAAK,Upsilon,none are upright,"[True, False, True, False, False, False, False, False]","[False, True, False, False, False, False, False, False]",0.75,0.625,Must have 2 reds touching faicng the same direction,I cannot figure out what the rule is.,d,n,,0,0,,0,0,,0,0,,1,0,,0,1,
144,VE7jVmxDRi,VGhYt_ONT__ElPblAAAK,Zeta,there is a red,"[True, True, True, True, False, False, False, False]","[True, False, False, False, False, False, False, False]",1,0.625,There must be atleast one red.,There must be atleast on red or one blue,c,o,,1,0,,0,0,,0,1,,0,0,,0,0,
145,VE7jVmxDRi,gWdvOGkG70-6oIcKAAAJ,Omega,all are blue OR small,"[False, True, True, False, False, False, False, False]","[False, True, True, False, False, False, False, False]",0.75,0.75,"As long as there is either a green or blue cone in any size, without a red cone present, radiation is emitted. Cones that touch do not seem to effect the way the radiation is emitted. ","As long as there is either a small sized green or blue  cone of any size, without a red cone present, radiation is emitted. Cones that touch do not seem to effect the way the radiation is emitted. ",d,d,,0,0,,0,0,,0,0,,1,1,,0,0,
146,VE7jVmxDRi,gWdvOGkG70-6oIcKAAAJ,Iota,one is blue,"[True, True, True, True, True, True, True, False]","[True, True, True, True, True, True, True, False]",0.625,0.625,"I believe that the presence of any sized blue cone, in any position, will lead to the release of Iota radiation. An individual small green cone and an individual  medium sized red cone were confirmed not to emit any Iota radiation by themselves.","I believe that the presence of any sized blue cone, in any position, will lead to the release of Iota radiation. An individual small green cone and an individual medium sized red cone were confirmed not to emit any Iota radiation by themselves.",u,u,,0,0,,1,1,,0,0,,0,0,,0,0,
147,VE7jVmxDRi,gWdvOGkG70-6oIcKAAAJ,Kappa,at least one is blue AND small,"[True, True, True, True, False, False, False, False]","[True, True, True, True, False, False, False, False]",1,1,"If there is at least one small blue cone present in a scene, kappa radiation is emitted.","If there is at least one small blue cone present in a scene, regardless of its orientation, kappa radiation is emitted.",c,c,,1,1,,0,0,,0,0,,0,0,,0,0,
148,VE7jVmxDRi,gWdvOGkG70-6oIcKAAAJ,Upsilon,none are upright,"[False, False, False, True, False, True, False, True]","[True, False, False, True, False, True, False, False]",0.375,0.625,"The presence of one small blue cone, regardless of position, will lead to the emission of Upsilon radiation.","(1) The presence of one small blue cone, regardless of position, will lead to the emission of Upsilon radiation.
(2) The presence of one small green cone, with at least two red cones present and also touching, will lead to the emission of Upsilon radiation.",d,d,,0,0,,0,0,,0,0,,1,1,,0,0,
149,VE7jVmxDRi,gWdvOGkG70-6oIcKAAAJ,Zeta,there is a red,"[True, True, True, True, False, False, False, False]","[True, True, True, True, False, False, False, False]",1,1,"The presence of at least one red cone, regardless of size or position, will lead to the emission of Zeta radiation.","The presence of at least one red cone, regardless of size or position, will lead to the emission of Zeta radiation. (*Note that for this round, the other participant showed only a blank screen so I could not deduce any additional rules since I did not see any new working arrangements )",c,c,,1,1,,0,0,,0,0,,0,0,,0,0,
150,ERkThrbRcj,NEwP-zFvkB8xPe2qAAAO,Iota,one is blue,"[False, True, False, True, False, False, True, False]","[True, True, True, False, True, False, False, False]",0.625,0.75,this radiation is simple,this radiation is simple,n,n,,0,0,,0,0,,0,0,,0,0,,1,1,
151,ERkThrbRcj,NEwP-zFvkB8xPe2qAAAO,Zeta,there is a red,"[False, False, False, False, True, True, True, False]","[True, False, True, True, False, False, False, False]",0.125,0.875,this radiation is simple,this radiation is simple,n,n,,0,0,,0,0,,0,0,,0,0,,1,1,
152,ERkThrbRcj,NEwP-zFvkB8xPe2qAAAO,Upsilon,none are upright,"[False, True, False, False, True, True, False, False]","[True, False, True, False, False, False, False, False]",0.375,0.75,this radiation is simple,this radiation is simple,n,n,,0,0,,0,0,,0,0,,0,0,,1,1,
153,ERkThrbRcj,NEwP-zFvkB8xPe2qAAAO,Kappa,at least one is blue AND small,"[False, False, False, False, True, True, True, False]","[True, False, True, True, False, False, False, True]",0.125,0.75,this radiation is simple,this radiation is simple,n,n,,0,0,,0,0,,0,0,,0,0,,1,1,
154,ERkThrbRcj,NEwP-zFvkB8xPe2qAAAO,Omega,all are blue OR small,"[False, True, False, False, True, True, True, False]","[True, False, True, True, False, False, False, True]",0.25,0.75,this radiation is simple,this radiation is simple,n,n,,0,0,,0,0,,0,0,,0,0,,1,1,
155,ERkThrbRcj,IdLU8lt87w--tMi-AAAN,Iota,one is blue,"[True, True, True, True, True, True, True, False]","[True, True, True, True, True, True, True, False]",0.625,0.625,"If a blue cone exists, Iota waves are emitted. ","If there is a blue cone, Iota waves will be emitted. ",u,u,,0,0,,1,1,,0,0,,0,0,,0,0,
156,ERkThrbRcj,IdLU8lt87w--tMi-AAAN,Zeta,there is a red,"[True, True, True, True, False, False, False, False]","[True, True, True, True, False, False, False, False]",1,1,"If there is a red cone, (Zeta?) radiation is emitted. ","If there is a red cone, Zeta radiation is emitted. ",c,c,,1,1,,0,0,,0,0,,0,0,,0,0,
157,ERkThrbRcj,IdLU8lt87w--tMi-AAAN,Upsilon,none are upright,"[True, True, True, True, True, True, False, False]","[True, True, True, True, True, True, False, False]",0.75,0.75,"If two red cones are falling over, Upsilon waves are emitted.","If there are at least two leaning red cones, Upsilon waves are produced.",d,u,,0,0,,0,1,,0,0,,1,0,,0,0,
158,ERkThrbRcj,IdLU8lt87w--tMi-AAAN,Kappa,at least one is blue AND small,"[True, True, True, True, False, False, False, False]","[True, True, True, True, False, False, False, False]",1,1,"If there is at least one small blue cone, Kappa waves will be radiated.","If there is at least one small blue cone, Kappa waves will be radiated.",c,c,,1,1,,0,0,,0,0,,0,0,,0,0,
159,ERkThrbRcj,IdLU8lt87w--tMi-AAAN,Omega,all are blue OR small,"[False, False, False, True, True, False, False, False]","[False, False, False, True, True, False, False, False]",0.5,0.5,There must be at least two of either small red cones or small green cones or a mixture. ,There must be at least 2 of either small red cones or small green cones or a mixture.,d,d,,0,0,,0,0,,0,0,,1,1,,0,0,
160,Jwm0HkYACp,Q7cj7QfSvrVQp4zyAAAP,Upsilon,none are upright,"[False, True, False, False, False, False, False, False]","[False, True, True, False, False, False, False, False]",0.625,0.75,"Two red cones, maybe the same size, oriented to the right and one small blue cone oriented to the opposite direction","When the rightmost cone is a small one, pointing to the right.",d,d,,0,0,,0,0,,0,0,,1,1,,0,0,
161,Jwm0HkYACp,Q7cj7QfSvrVQp4zyAAAP,Zeta,there is a red,"[True, True, False, False, False, False, False, False]","[True, True, False, False, False, False, False, False]",0.75,0.75,There is a red cone laying to its side,There should be a red cone laying on it's side.,o,o,,0,0,,0,0,,1,1,,0,0,,0,0,
162,Jwm0HkYACp,Q7cj7QfSvrVQp4zyAAAP,Omega,all are blue OR small,"[False, False, False, False, False, True, False, False]","[False, True, True, True, False, True, False, False]",0.375,0.75,Small green cones to be more or equal than any other cones.,"Blue or green are more or equal than any other color, but not at the same time. For green color only small cones.",d,d,,0,0,,0,0,,0,0,,1,1,,0,0,
163,Jwm0HkYACp,Q7cj7QfSvrVQp4zyAAAP,Iota,one is blue,"[True, True, True, False, False, False, True, False]","[True, True, True, False, True, True, True, True]",0.75,0.375,There needs to be less than 6 cones and all three colors need to be present,There need to be between 3 and 6 cones,d,d,,0,0,,0,0,,0,0,,1,1,,0,0,
164,Jwm0HkYACp,Q7cj7QfSvrVQp4zyAAAP,Kappa,at least one is blue AND small,"[False, False, False, False, True, True, False, True]","[False, True, False, False, True, True, False, True]",0.125,0.25,Whenever green cones are more than blue ones,There needs to be more blue than green cones or blue by itslef.,d,d,,0,0,,0,0,,0,0,,1,1,,0,0,
165,Jwm0HkYACp,rBqhQ3jC_fSvn8dPAAAQ,Upsilon,none are upright,"[False, True, True, False, False, False, False, False]","[False, False, True, False, False, False, False, False]",0.75,0.625,There must be at least one small triangle facing left.,There must be one small triangle facing left and no triangles on top of eachother.,d,d,,0,0,,0,0,,0,0,,1,1,,0,0,
166,Jwm0HkYACp,rBqhQ3jC_fSvn8dPAAAQ,Zeta,there is a red,"[True, True, False, False, False, False, False, False]","[True, True, False, False, False, False, False, False]",0.75,0.75,There must be at least one small red triangle facing left.,There must be at least one small red triangle facing left.,o,o,,0,0,,0,0,,1,1,,0,0,,0,0,
167,Jwm0HkYACp,rBqhQ3jC_fSvn8dPAAAQ,Omega,all are blue OR small,"[False, False, False, True, False, False, False, False]","[False, True, True, False, True, False, False, True]",0.625,0.5,There must be one large blue triangle facing up and any small triangle(s) facing up.,Any triangle facing up but not more than 2 colors.,d,d,,0,0,,0,0,,0,0,,1,1,,0,0,
168,Jwm0HkYACp,rBqhQ3jC_fSvn8dPAAAQ,Iota,one is blue,"[True, True, True, True, True, True, True, False]","[True, True, True, True, True, True, True, False]",0.625,0.625,Must contain at least one blue triangle of any size facing any direction.,"Since the other player had not choices, there are no changes from my first thought.",u,u,,0,0,,1,1,,0,0,,0,0,,0,0,
169,Jwm0HkYACp,rBqhQ3jC_fSvn8dPAAAQ,Kappa,at least one is blue AND small,"[True, True, True, True, False, False, False, False]","[True, True, True, True, False, False, False, False]",1,1,There must be at least one small blue triangle facing any direction.,Same answer as before. There must be at least one small blue triangle facing any direction.,c,c,,1,1,,0,0,,0,0,,0,0,,0,0,
170,uYIREe2i4Q,doNd8T8QMhErhgp5AAAL,Iota,one is blue,"[True, True, True, True, False, False, False, False]","[True, True, True, True, False, False, False, False]",1,1,Iota waves are cause by the presence of JUST a single purple cone of any size.,The presences of only a single purple cone cause Iota waves irregardless of other colored cones presence or not.,c,c,,1,1,,0,0,,0,0,,0,0,,0,0,
171,uYIREe2i4Q,doNd8T8QMhErhgp5AAAL,Kappa,at least one is blue AND small,"[False, True, True, True, False, False, False, False]","[False, False, True, False, True, False, False, False]",0.875,0.5,I was unable to successfully test for it and do not have a rule to provide.,I cannot think of a rule that can be true based on my failure to replicate it and my inability to spot a pattern in my partner's examples.,n,n,,0,0,,0,0,,0,0,,0,0,,1,1,
172,uYIREe2i4Q,doNd8T8QMhErhgp5AAAL,Omega,all are blue OR small,"[False, False, False, True, True, False, False, False]","[False, False, False, True, True, False, False, False]",0.5,0.5,The presence of a small green cone creates the radiation.,The presence of a small green cone with limited other cones creates the radiation.,d,d,,0,0,,0,0,,0,0,,1,1,,0,0,
173,uYIREe2i4Q,doNd8T8QMhErhgp5AAAL,Upsilon,none are upright,"[False, False, False, True, False, False, False, False]","[False, False, False, True, False, False, False, False]",0.625,0.625,Two large red cones and a small purple cone facing a different direction than them create the radiation.,Two large red cones and a small purple cone facing a different direction than them create the radiation.,d,d,,0,0,,0,0,,0,0,,1,1,,0,0,
174,uYIREe2i4Q,doNd8T8QMhErhgp5AAAL,Zeta,there is a red,"[True, False, True, False, False, False, False, False]","[True, True, True, True, False, False, False, False]",0.75,1,I was under the impression that two cones on top of one another as long as one was red was the rule to get the radiation based on my experiments but after looking at the examples I believe it may just be that the requirement is one upright red cone.,I believe a red cone merely needs to be present for the radiation to occur.,o,c,,0,1,,0,0,,1,0,,0,0,,0,0,
175,uYIREe2i4Q,UQIJo156uDVLjDEFAAAK,Iota,one is blue,"[True, True, True, False, False, False, True, False]","[True, True, True, True, False, False, False, False]",0.75,1,"There must be at least one shape of each color. It doesn't matter shape, size, or direction.",There is exactly one blue shape in each photo.,d,c,,0,1,,0,0,,0,0,,1,0,,0,0,
176,uYIREe2i4Q,UQIJo156uDVLjDEFAAAK,Kappa,at least one is blue AND small,"[True, True, True, True, False, False, False, False]","[True, True, True, True, False, False, False, False]",1,1,There is exactly one small blue triangle.,There is exactly one small blue triangle.,c,c,,1,1,,0,0,,0,0,,0,0,,0,0,
177,uYIREe2i4Q,UQIJo156uDVLjDEFAAAK,Omega,all are blue OR small,"[False, False, False, True, False, False, False, False]","[False, False, False, True, True, False, False, False]",0.625,0.5,There must be one medium blue and one small green triangle. They do not need to be touching.,There must be at least one small green triangle.,d,d,,0,0,,0,0,,0,0,,1,1,,0,0,
178,uYIREe2i4Q,UQIJo156uDVLjDEFAAAK,Upsilon,none are upright,"[True, False, False, True, False, False, True, False]","[True, False, False, True, False, False, True, False]",0.625,0.625,There are at most 2 big red triangles touching each other.,There are at most 2 big red triangles touching each other.,d,d,,0,0,,0,0,,0,0,,1,1,,0,0,
179,uYIREe2i4Q,UQIJo156uDVLjDEFAAAK,Zeta,there is a red,"[False, False, False, True, False, False, False, False]","[True, True, True, True, False, False, False, False]",0.625,1,It must have one big red triangle with a small triangle touching it.,It must have a red triangle with another triangle touching it.,o,o,,0,0,,0,0,,1,1,,0,0,,0,0,
180,l39wczr1qM,7ey5lg3pMFVpQce_AAAH,Iota,one is blue,"[True, True, True, True, False, False, False, False]","[True, True, True, True, False, False, False, False]",1,1,There must be at least one blue cone.,There must be at least and no more than one blue cone,u,c,,0,1,,1,0,,0,0,,0,0,,0,0,
181,l39wczr1qM,7ey5lg3pMFVpQce_AAAH,Zeta,there is a red,"[True, True, True, True, False, False, False, False]","[True, True, True, True, False, False, False, False]",1,1,There must be at least one red cone.,There must be a least one red cone.,c,c,,1,1,,0,0,,0,0,,0,0,,0,0,
182,l39wczr1qM,7ey5lg3pMFVpQce_AAAH,Kappa,at least one is blue AND small,"[True, True, True, True, False, False, False, False]","[True, True, True, True, False, False, False, False]",1,1,There must be at least one small blue cone.,There must be at least one small blue cone.,c,c,,1,1,,0,0,,0,0,,0,0,,0,0,
183,l39wczr1qM,7ey5lg3pMFVpQce_AAAH,Upsilon,none are upright,"[False, False, False, True, False, False, False, False]","[True, True, True, True, True, True, False, True]",0.625,0.625,There must be a small blue cone facing left.,There must be at least one cone laying on its side.,d,d,,0,0,,0,0,,0,0,,1,1,,0,0,
184,l39wczr1qM,7ey5lg3pMFVpQce_AAAH,Omega,all are blue OR small,"[False, True, True, True, False, True, False, False]","[False, False, False, False, False, False, True, False]",0.75,0.375,There must be at least one blue cone pointing up.,There must be at least one blue cone.,d,d,,0,0,,0,0,,0,0,,1,1,,0,0,
185,l39wczr1qM,P5INvT1S-pUfBVIdAAAI,Iota,one is blue,"[False, True, False, False, False, False, False, False]","[False, False, False, True, False, False, False, False]",0.625,0.625,There  must be at least one small cone ,There should be at least one small cone,d,d,,0,0,,0,0,,0,0,,1,1,,0,0,
186,l39wczr1qM,P5INvT1S-pUfBVIdAAAI,Zeta,there is a red,"[False, False, False, False, False, True, False, False]","[False, False, False, False, False, True, False, False]",0.375,0.375,There is a one big green cone,One big green cone is necessary,d,d,,0,0,,0,0,,0,0,,1,1,,0,0,
187,l39wczr1qM,P5INvT1S-pUfBVIdAAAI,Kappa,at least one is blue AND small,"[False, False, True, False, False, False, False, False]","[False, False, True, False, False, False, False, False]",0.625,0.625,Small purple cone should be present and standing strait, Small purple cone should be present and stand strait,d,d,,0,0,,0,0,,0,0,,1,1,,0,0,
188,l39wczr1qM,P5INvT1S-pUfBVIdAAAI,Upsilon,none are upright,"[False, False, True, False, False, False, False, False]","[False, False, True, False, False, False, False, False]",0.625,0.625,All cones must be at not strait position,Cones must be at not strait up position,c,c,,1,1,,0,0,,0,0,,0,0,,0,0,
189,l39wczr1qM,P5INvT1S-pUfBVIdAAAI,Omega,all are blue OR small,"[False, True, False, False, False, False, False, False]","[False, True, False, False, False, False, False, False]",0.625,0.625,Purple cones must be present (all sizes are OK ),Purple cones no matter the position,u,u,,0,0,,1,1,,0,0,,0,0,,0,0,
190,3FqaZitiM3,6dGY6eysj_-2bjNCAAAK,Iota,one is blue,"[True, True, True, True, False, False, False, False]","[True, True, True, True, False, False, False, False]",1,1,there is exactly one blue,there was exactly one blue,c,c,,1,1,,0,0,,0,0,,0,0,,0,0,
191,3FqaZitiM3,6dGY6eysj_-2bjNCAAAK,Kappa,at least one is blue AND small,"[False, False, False, False, False, False, True, False]","[False, False, False, False, False, False, False, True]",0.375,0.375,truthfully i dont have the slightest notion of what the rule could be,i havent the slightest idea what the supposed rule is,n,n,,0,0,,0,0,,0,0,,0,0,,1,1,
192,3FqaZitiM3,6dGY6eysj_-2bjNCAAAK,Zeta,there is a red,"[True, True, True, True, False, False, False, False]","[True, True, True, True, False, False, False, False]",1,1,the rule is to have 2 or more red,there would have to be exactly two red,d,d,,0,0,,0,0,,0,0,,1,1,,0,0,
193,3FqaZitiM3,6dGY6eysj_-2bjNCAAAK,Omega,all are blue OR small,"[False, False, True, False, True, False, False, False]","[False, False, True, False, True, False, False, False]",0.5,0.5,there must be exactly 2 colors of small cones and there has to be more or equal to 2 small cones in total,there must be two colors of small cones and at least 2 small cones in total,d,d,,0,0,,0,0,,0,0,,1,1,,0,0,
194,3FqaZitiM3,6dGY6eysj_-2bjNCAAAK,Upsilon,none are upright,"[True, True, True, True, False, True, False, False]","[True, True, True, True, False, False, False, False]",0.875,1,"there must be either cones of the same color and size pointing away from eachother or cones of different sizes and colors pointing away/opposite to eachother
",there must be cones of different colors and sizes pointing in different directions but there may also be cones of the same size and color pointing in opposite directions,d,d,,0,0,,0,0,,0,0,,1,1,,0,0,
195,3FqaZitiM3,Jw9DOmVyloFjpcRXAAAJ,Iota,one is blue,"[False, False, False, True, False, True, True, False]","[True, True, True, True, False, False, False, False]",0.375,1,there is at least one blue,there is only one blue,u,c,,0,1,,1,0,,0,0,,0,0,,0,0,
196,3FqaZitiM3,Jw9DOmVyloFjpcRXAAAJ,Kappa,at least one is blue AND small,"[False, False, False, True, False, False, False, True]","[False, False, False, False, False, False, False, True]",0.5,0.375,i honestly have no idea,"again, no chance i would know what the rule is",n,n,,0,0,,0,0,,0,0,,0,0,,1,1,
197,3FqaZitiM3,Jw9DOmVyloFjpcRXAAAJ,Zeta,there is a red,"[True, True, True, True, False, False, False, False]","[True, True, True, True, False, False, False, False]",1,1,at least 2 red to be correct,there must be at least 2 red,d,d,,0,0,,0,0,,0,0,,1,1,,0,0,
198,3FqaZitiM3,Jw9DOmVyloFjpcRXAAAJ,Omega,all are blue OR small,"[False, False, True, True, True, False, False, False]","[False, False, True, False, True, False, False, False]",0.625,0.5,there must be two small cones present,there has to be more than or exactly two small cones and there must be more than one color of small cone,d,d,,0,0,,0,0,,0,0,,1,1,,0,0,
199,3FqaZitiM3,Jw9DOmVyloFjpcRXAAAJ,Upsilon,none are upright,"[True, True, True, True, False, False, False, False]","[True, True, True, True, False, False, False, False]",1,1,cones of different sizes must be pointing away from eachother.,there must be cones of different sizes and color pointing in opposite directions,d,d,,0,0,,0,0,,0,0,,1,1,,0,0,
200,z0OuaYpr2H,T3whPHkibRMFwKcJAAAN,Zeta,there is a red,"[True, True, True, True, False, False, False, False]","[True, True, True, True, False, False, False, False]",1,1,"If there is at least one red cone, Zeta waves are emitted","If there is at least one red cone, Zeta waves are emitted. ",c,c,,1,1,,0,0,,0,0,,0,0,,0,0,
201,z0OuaYpr2H,T3whPHkibRMFwKcJAAAN,Iota,one is blue,"[True, True, True, False, False, False, True, False]","[True, True, True, False, False, False, True, False]",0.75,0.75,There must be at least one red cone with at least one (MAX) blue cone. ,There must be at least one red cone and at least one (MAX) blue cone.,o,o,,0,0,,0,0,,1,1,,0,0,,0,0,
202,z0OuaYpr2H,T3whPHkibRMFwKcJAAAN,Omega,all are blue OR small,"[False, True, True, True, False, False, False, False]","[True, True, True, True, False, False, False, False]",0.875,1,"There must be one more blue cone for each red cone. If there are no red cones, one blue cone is still required.","There must be two:one ration of blue to red cones which can be satisfied by number or size. Two small red = one big blue. If there are no red cones, one blue cone and vice versa.",d,d,,0,0,,0,0,,0,0,,1,1,,0,0,
203,z0OuaYpr2H,T3whPHkibRMFwKcJAAAN,Kappa,at least one is blue AND small,"[False, True, True, True, True, False, False, False]","[True, True, True, True, False, False, False, False]",0.75,1,"If there are blue cones and no red cones. If there are red cones, blue cones must outnumber them or be smaller.","If there are blue cones and no red cones. If there are red cones, blue cones must outnumber them or be smaller. ",d,d,,0,0,,0,0,,0,0,,1,1,,0,0,
204,z0OuaYpr2H,T3whPHkibRMFwKcJAAAN,Upsilon,none are upright,"[False, True, False, False, False, True, False, False]","[False, True, True, False, True, True, False, False]",0.5,0.5,Two red cones must lean opposite one blue cone.,An multiple of two cones must be leaning.,d,d,,0,0,,0,0,,0,0,,1,1,,0,0,
205,z0OuaYpr2H,JTLrmcM2mG5PPqgaAAAO,Zeta,there is a red,"[True, True, True, True, True, True, False, True]","[True, False, True, True, True, True, False, True]",0.625,0.5,"The cones must be touching, or not touching a tall. There is two or more cones and there must be red cones.",There must be a red cone. Cones must all be touching or not touching at all.,o,o,,0,0,,0,0,,1,1,,0,0,,0,0,
206,z0OuaYpr2H,JTLrmcM2mG5PPqgaAAAO,Iota,one is blue,"[True, True, False, False, False, False, False, True]","[True, False, False, True, False, True, False, False]",0.625,0.625,Cones can only be touching at an angle or not touching at all. They may be up or on their side.,Cones cannot be touching or touching at an angle. Only a couple cones can be near each other.,d,d,,0,0,,0,0,,0,0,,1,1,,0,0,
207,z0OuaYpr2H,JTLrmcM2mG5PPqgaAAAO,Omega,all are blue OR small,"[True, True, True, True, False, False, False, False]","[True, True, True, True, False, False, False, False]",1,1,There must be a small cone upright. no cones touching. single cones will emit radiation.,Purple and red cones near each other will emit radiation as well as single cones and no cones can be touching.,d,d,,0,0,,0,0,,0,0,,1,1,,0,0,
208,z0OuaYpr2H,JTLrmcM2mG5PPqgaAAAO,Kappa,at least one is blue AND small,"[False, False, False, True, False, False, False, False]","[False, False, True, True, False, False, False, False]",0.625,0.75,you must have all three cone sizes in an area. No touching cones of different colors and only cones that are upright.,There must be a purple cone nearby. Cones must be standing up. ,d,d,,0,0,,0,0,,0,0,,1,1,,0,0,
209,z0OuaYpr2H,JTLrmcM2mG5PPqgaAAAO,Upsilon,none are upright,"[True, False, True, False, False, False, True, False]","[False, False, False, False, False, False, True, False]",0.625,0.375,Cones must be touching at 45 degree angles. There can only be  a couple cones nearby.,the cones must touch at a 45 degree angle.,d,d,,0,0,,0,0,,0,0,,1,1,,0,0,
,,,,,,,,,,,,,,36,45,0,17,12,0,16,19,0,108,101,0,33,33,0